row_element,column_element,cooccurrence_count
Ac,Ac,3
Ac,Ag,0
Ac,Al,0
Ac,Ar,0
Ac,As,0
Ac,Au,0
Ac,B,0
Ac,Ba,0
Ac,Be,0
Ac,Bi,0
Ac,Bk,0
Ac,Br,0
Ac,C,2
Ac,Ca,0
Ac,Cd,0
Ac,Ce,0
Ac,Cl,0
Ac,Co,0
Ac,Cr,0
Ac,Cs,0
Ac,Cu,0
Ac,Dy,0
Ac,Er,0
Ac,Eu,0
Ac,F,0
Ac,Fe,0
Ac,Fr,0
Ac,Ga,0
Ac,Gd,0
Ac,Ge,0
Ac,H,2
Ac,He,0
Ac,Hf,0
Ac,Hg,0
Ac,Ho,0
Ac,I,0
Ac,In,0
Ac,Ir,0
Ac,K,0
Ac,La,0
Ac,Li,0
Ac,Lu,0
Ac,Mg,0
Ac,Mn,0
Ac,Mo,0
Ac,N,1
Ac,Na,0
Ac,Nb,0
Ac,Nd,0
Ac,Ne,0
Ac,Ni,0
Ac,O,2
Ac,Os,0
Ac,P,0
Ac,Pa,0
Ac,Pb,0
Ac,Pd,0
Ac,Pr,0
Ac,Pt,0
Ac,Ra,0
Ac,Rb,0
Ac,Re,0
Ac,Ru,0
Ac,S,1
Ac,Sb,0
Ac,Sc,0
Ac,Se,0
Ac,Si,0
Ac,Sm,0
Ac,Sn,0
Ac,Sr,0
Ac,Ta,0
Ac,Tb,0
Ac,Tc,0
Ac,Te,0
Ac,Th,0
Ac,Ti,0
Ac,Tl,0
Ac,Tm,0
Ac,U,0
Ac,V,0
Ac,W,0
Ac,Xe,0
Ac,Y,0
Ac,Yb,0
Ac,Zn,0
Ac,Zr,0
Ag,Ac,0
Ag,Ag,3
Ag,Al,0
Ag,Ar,0
Ag,As,0
Ag,Au,0
Ag,B,0
Ag,Ba,0
Ag,Be,0
Ag,Bi,0
Ag,Bk,0
Ag,Br,0
Ag,C,1
Ag,Ca,0
Ag,Cd,0
Ag,Ce,0
Ag,Cl,0
Ag,Co,0
Ag,Cr,0
Ag,Cs,0
Ag,Cu,0
Ag,Dy,0
Ag,Er,0
Ag,Eu,0
Ag,F,0
Ag,Fe,0
Ag,Fr,0
Ag,Ga,0
Ag,Gd,0
Ag,Ge,0
Ag,H,1
Ag,He,0
Ag,Hf,0
Ag,Hg,0
Ag,Ho,0
Ag,I,0
Ag,In,0
Ag,Ir,0
Ag,K,0
Ag,La,0
Ag,Li,0
Ag,Lu,0
Ag,Mg,0
Ag,Mn,0
Ag,Mo,0
Ag,N,1
Ag,Na,0
Ag,Nb,0
Ag,Nd,0
Ag,Ne,0
Ag,Ni,0
Ag,O,2
Ag,Os,0
Ag,P,0
Ag,Pa,0
Ag,Pb,0
Ag,Pd,0
Ag,Pr,0
Ag,Pt,0
Ag,Ra,0
Ag,Rb,0
Ag,Re,0
Ag,Ru,0
Ag,S,0
Ag,Sb,0
Ag,Sc,0
Ag,Se,0
Ag,Si,0
Ag,Sm,0
Ag,Sn,0
Ag,Sr,0
Ag,Ta,0
Ag,Tb,0
Ag,Tc,0
Ag,Te,0
Ag,Th,0
Ag,Ti,0
Ag,Tl,0
Ag,Tm,0
Ag,U,0
Ag,V,0
Ag,W,0
Ag,Xe,0
Ag,Y,0
Ag,Yb,0
Ag,Zn,0
Ag,Zr,0
Al,Ac,0
Al,Ag,0
Al,Al,26
Al,Ar,0
Al,As,0
Al,Au,0
Al,B,0
Al,Ba,0
Al,Be,0
Al,Bi,0
Al,Bk,0
Al,Br,0
Al,C,22
Al,Ca,0
Al,Cd,0
Al,Ce,0
Al,Cl,1
Al,Co,0
Al,Cr,0
Al,Cs,0
Al,Cu,0
Al,Dy,0
Al,Er,0
Al,Eu,0
Al,F,0
Al,Fe,0
Al,Fr,0
Al,Ga,0
Al,Gd,0
Al,Ge,0
Al,H,23
Al,He,0
Al,Hf,0
Al,Hg,0
Al,Ho,0
Al,I,1
Al,In,0
Al,Ir,0
Al,K,0
Al,La,0
Al,Li,0
Al,Lu,0
Al,Mg,0
Al,Mn,0
Al,Mo,0
Al,N,11
Al,Na,0
Al,Nb,0
Al,Nd,0
Al,Ne,0
Al,Ni,0
Al,O,22
Al,Os,0
Al,P,0
Al,Pa,0
Al,Pb,0
Al,Pd,0
Al,Pr,0
Al,Pt,0
Al,Ra,0
Al,Rb,0
Al,Re,0
Al,Ru,0
Al,S,4
Al,Sb,0
Al,Sc,0
Al,Se,0
Al,Si,0
Al,Sm,0
Al,Sn,0
Al,Sr,0
Al,Ta,0
Al,Tb,0
Al,Tc,0
Al,Te,0
Al,Th,0
Al,Ti,0
Al,Tl,0
Al,Tm,0
Al,U,0
Al,V,0
Al,W,0
Al,Xe,0
Al,Y,0
Al,Yb,0
Al,Zn,0
Al,Zr,0
Ar,Ac,0
Ar,Ag,0
Ar,Al,0
Ar,Ar,1
Ar,As,0
Ar,Au,0
Ar,B,0
Ar,Ba,0
Ar,Be,0
Ar,Bi,0
Ar,Bk,0
Ar,Br,0
Ar,C,0
Ar,Ca,0
Ar,Cd,0
Ar,Ce,0
Ar,Cl,0
Ar,Co,0
Ar,Cr,0
Ar,Cs,0
Ar,Cu,0
Ar,Dy,0
Ar,Er,0
Ar,Eu,0
Ar,F,0
Ar,Fe,0
Ar,Fr,0
Ar,Ga,0
Ar,Gd,0
Ar,Ge,0
Ar,H,0
Ar,He,0
Ar,Hf,0
Ar,Hg,0
Ar,Ho,0
Ar,I,0
Ar,In,0
Ar,Ir,0
Ar,K,0
Ar,La,0
Ar,Li,0
Ar,Lu,0
Ar,Mg,0
Ar,Mn,0
Ar,Mo,0
Ar,N,0
Ar,Na,0
Ar,Nb,0
Ar,Nd,0
Ar,Ne,0
Ar,Ni,0
Ar,O,0
Ar,Os,0
Ar,P,0
Ar,Pa,0
Ar,Pb,0
Ar,Pd,0
Ar,Pr,0
Ar,Pt,0
Ar,Ra,0
Ar,Rb,0
Ar,Re,0
Ar,Ru,0
Ar,S,0
Ar,Sb,0
Ar,Sc,0
Ar,Se,0
Ar,Si,0
Ar,Sm,0
Ar,Sn,0
Ar,Sr,0
Ar,Ta,0
Ar,Tb,0
Ar,Tc,0
Ar,Te,0
Ar,Th,0
Ar,Ti,0
Ar,Tl,0
Ar,Tm,0
Ar,U,0
Ar,V,0
Ar,W,0
Ar,Xe,0
Ar,Y,0
Ar,Yb,0
Ar,Zn,0
Ar,Zr,0
As,Ac,0
As,Ag,0
As,Al,0
As,Ar,0
As,As,141
As,Au,0
As,B,0
As,Ba,0
As,Be,0
As,Bi,0
As,Bk,0
As,Br,1
As,C,134
As,Ca,0
As,Cd,0
As,Ce,0
As,Cl,0
As,Co,0
As,Cr,0
As,Cs,0
As,Cu,0
As,Dy,0
As,Er,0
As,Eu,0
As,F,0
As,Fe,0
As,Fr,0
As,Ga,0
As,Gd,0
As,Ge,0
As,H,139
As,He,0
As,Hf,0
As,Hg,0
As,Ho,0
As,I,0
As,In,0
As,Ir,0
As,K,0
As,La,0
As,Li,0
As,Lu,0
As,Mg,0
As,Mn,0
As,Mo,0
As,N,39
As,Na,0
As,Nb,0
As,Nd,0
As,Ne,0
As,Ni,0
As,O,133
As,Os,0
As,P,30
As,Pa,0
As,Pb,0
As,Pd,0
As,Pr,0
As,Pt,0
As,Ra,0
As,Rb,0
As,Re,0
As,Ru,0
As,S,43
As,Sb,0
As,Sc,0
As,Se,0
As,Si,2
As,Sm,0
As,Sn,0
As,Sr,0
As,Ta,0
As,Tb,0
As,Tc,0
As,Te,0
As,Th,0
As,Ti,0
As,Tl,0
As,Tm,0
As,U,0
As,V,0
As,W,0
As,Xe,0
As,Y,0
As,Yb,0
As,Zn,0
As,Zr,0
Au,Ac,0
Au,Ag,0
Au,Al,0
Au,Ar,0
Au,As,0
Au,Au,6
Au,B,0
Au,Ba,0
Au,Be,0
Au,Bi,0
Au,Bk,0
Au,Br,0
Au,C,5
Au,Ca,0
Au,Cd,0
Au,Ce,0
Au,Cl,0
Au,Co,0
Au,Cr,0
Au,Cs,0
Au,Cu,0
Au,Dy,0
Au,Er,0
Au,Eu,0
Au,F,0
Au,Fe,0
Au,Fr,0
Au,Ga,0
Au,Gd,0
Au,Ge,0
Au,H,5
Au,He,0
Au,Hf,0
Au,Hg,0
Au,Ho,0
Au,I,0
Au,In,0
Au,Ir,0
Au,K,0
Au,La,0
Au,Li,0
Au,Lu,0
Au,Mg,0
Au,Mn,0
Au,Mo,0
Au,N,0
Au,Na,2
Au,Nb,0
Au,Nd,0
Au,Ne,0
Au,Ni,0
Au,O,5
Au,Os,0
Au,P,2
Au,Pa,0
Au,Pb,0
Au,Pd,0
Au,Pr,0
Au,Pt,0
Au,Ra,0
Au,Rb,0
Au,Re,0
Au,Ru,0
Au,S,5
Au,Sb,0
Au,Sc,0
Au,Se,0
Au,Si,0
Au,Sm,0
Au,Sn,0
Au,Sr,0
Au,Ta,0
Au,Tb,0
Au,Tc,0
Au,Te,0
Au,Th,0
Au,Ti,0
Au,Tl,0
Au,Tm,0
Au,U,0
Au,V,0
Au,W,0
Au,Xe,0
Au,Y,0
Au,Yb,0
Au,Zn,0
Au,Zr,0
B,Ac,0
B,Ag,0
B,Al,0
B,Ar,0
B,As,0
B,Au,0
B,B,197
B,Ba,0
B,Be,0
B,Bi,0
B,Bk,0
B,Br,2
B,C,190
B,Ca,0
B,Cd,0
B,Ce,0
B,Cl,17
B,Co,0
B,Cr,0
B,Cs,0
B,Cu,0
B,Dy,0
B,Er,0
B,Eu,0
B,F,2
B,Fe,0
B,Fr,0
B,Ga,0
B,Gd,0
B,Ge,0
B,H,196
B,He,0
B,Hf,0
B,Hg,0
B,Ho,0
B,I,2
B,In,0
B,Ir,0
B,K,0
B,La,0
B,Li,0
B,Lu,0
B,Mg,0
B,Mn,0
B,Mo,0
B,N,108
B,Na,2
B,Nb,0
B,Nd,0
B,Ne,0
B,Ni,0
B,O,191
B,Os,0
B,P,0
B,Pa,0
B,Pb,0
B,Pd,0
B,Pr,0
B,Pt,0
B,Ra,0
B,Rb,0
B,Re,0
B,Ru,0
B,S,29
B,Sb,0
B,Sc,0
B,Se,0
B,Si,0
B,Sm,0
B,Sn,0
B,Sr,0
B,Ta,0
B,Tb,0
B,Tc,0
B,Te,0
B,Th,0
B,Ti,0
B,Tl,0
B,Tm,0
B,U,0
B,V,0
B,W,0
B,Xe,0
B,Y,0
B,Yb,0
B,Zn,0
B,Zr,0
Ba,Ac,0
Ba,Ag,0
Ba,Al,0
Ba,Ar,0
Ba,As,0
Ba,Au,0
Ba,B,0
Ba,Ba,2
Ba,Be,0
Ba,Bi,0
Ba,Bk,0
Ba,Br,0
Ba,C,0
Ba,Ca,0
Ba,Cd,0
Ba,Ce,0
Ba,Cl,0
Ba,Co,0
Ba,Cr,0
Ba,Cs,0
Ba,Cu,0
Ba,Dy,0
Ba,Er,0
Ba,Eu,0
Ba,F,0
Ba,Fe,0
Ba,Fr,0
Ba,Ga,0
Ba,Gd,0
Ba,Ge,0
Ba,H,1
Ba,He,0
Ba,Hf,0
Ba,Hg,0
Ba,Ho,0
Ba,I,0
Ba,In,0
Ba,Ir,0
Ba,K,0
Ba,La,0
Ba,Li,0
Ba,Lu,0
Ba,Mg,0
Ba,Mn,0
Ba,Mo,0
Ba,N,0
Ba,Na,0
Ba,Nb,0
Ba,Nd,0
Ba,Ne,0
Ba,Ni,0
Ba,O,0
Ba,Os,0
Ba,P,0
Ba,Pa,0
Ba,Pb,0
Ba,Pd,0
Ba,Pr,0
Ba,Pt,0
Ba,Ra,0
Ba,Rb,0
Ba,Re,0
Ba,Ru,0
Ba,S,0
Ba,Sb,0
Ba,Sc,0
Ba,Se,0
Ba,Si,0
Ba,Sm,0
Ba,Sn,0
Ba,Sr,0
Ba,Ta,0
Ba,Tb,0
Ba,Tc,0
Ba,Te,0
Ba,Th,0
Ba,Ti,0
Ba,Tl,0
Ba,Tm,0
Ba,U,0
Ba,V,0
Ba,W,0
Ba,Xe,0
Ba,Y,0
Ba,Yb,0
Ba,Zn,0
Ba,Zr,0
Be,Ac,0
Be,Ag,0
Be,Al,0
Be,Ar,0
Be,As,0
Be,Au,0
Be,B,0
Be,Ba,0
Be,Be,2
Be,Bi,0
Be,Bk,0
Be,Br,0
Be,C,0
Be,Ca,0
Be,Cd,0
Be,Ce,0
Be,Cl,0
Be,Co,0
Be,Cr,0
Be,Cs,0
Be,Cu,0
Be,Dy,0
Be,Er,0
Be,Eu,0
Be,F,0
Be,Fe,0
Be,Fr,0
Be,Ga,0
Be,Gd,0
Be,Ge,0
Be,H,0
Be,He,0
Be,Hf,0
Be,Hg,0
Be,Ho,0
Be,I,0
Be,In,0
Be,Ir,0
Be,K,0
Be,La,0
Be,Li,0
Be,Lu,0
Be,Mg,0
Be,Mn,0
Be,Mo,0
Be,N,0
Be,Na,0
Be,Nb,0
Be,Nd,0
Be,Ne,0
Be,Ni,0
Be,O,0
Be,Os,0
Be,P,0
Be,Pa,0
Be,Pb,0
Be,Pd,0
Be,Pr,0
Be,Pt,0
Be,Ra,0
Be,Rb,0
Be,Re,0
Be,Ru,0
Be,S,0
Be,Sb,0
Be,Sc,0
Be,Se,0
Be,Si,0
Be,Sm,0
Be,Sn,0
Be,Sr,0
Be,Ta,0
Be,Tb,0
Be,Tc,0
Be,Te,0
Be,Th,0
Be,Ti,0
Be,Tl,0
Be,Tm,0
Be,U,0
Be,V,0
Be,W,0
Be,Xe,0
Be,Y,0
Be,Yb,0
Be,Zn,0
Be,Zr,0
Bi,Ac,0
Bi,Ag,0
Bi,Al,0
Bi,Ar,0
Bi,As,0
Bi,Au,0
Bi,B,0
Bi,Ba,0
Bi,Be,0
Bi,Bi,7
Bi,Bk,0
Bi,Br,0
Bi,C,6
Bi,Ca,0
Bi,Cd,0
Bi,Ce,0
Bi,Cl,0
Bi,Co,0
Bi,Cr,0
Bi,Cs,0
Bi,Cu,0
Bi,Dy,0
Bi,Er,0
Bi,Eu,0
Bi,F,0
Bi,Fe,0
Bi,Fr,0
Bi,Ga,0
Bi,Gd,0
Bi,Ge,0
Bi,H,6
Bi,He,0
Bi,Hf,0
Bi,Hg,0
Bi,Ho,0
Bi,I,0
Bi,In,0
Bi,Ir,0
Bi,K,1
Bi,La,0
Bi,Li,0
Bi,Lu,0
Bi,Mg,0
Bi,Mn,0
Bi,Mo,0
Bi,N,0
Bi,Na,0
Bi,Nb,0
Bi,Nd,0
Bi,Ne,0
Bi,Ni,0
Bi,O,6
Bi,Os,0
Bi,P,0
Bi,Pa,0
Bi,Pb,0
Bi,Pd,0
Bi,Pr,0
Bi,Pt,0
Bi,Ra,0
Bi,Rb,0
Bi,Re,0
Bi,Ru,0
Bi,S,0
Bi,Sb,0
Bi,Sc,0
Bi,Se,0
Bi,Si,0
Bi,Sm,0
Bi,Sn,0
Bi,Sr,0
Bi,Ta,0
Bi,Tb,0
Bi,Tc,0
Bi,Te,0
Bi,Th,0
Bi,Ti,0
Bi,Tl,0
Bi,Tm,0
Bi,U,0
Bi,V,0
Bi,W,0
Bi,Xe,0
Bi,Y,0
Bi,Yb,0
Bi,Zn,0
Bi,Zr,0
Bk,Ac,0
Bk,Ag,0
Bk,Al,0
Bk,Ar,0
Bk,As,0
Bk,Au,0
Bk,B,0
Bk,Ba,0
Bk,Be,0
Bk,Bi,0
Bk,Bk,1
Bk,Br,0
Bk,C,0
Bk,Ca,0
Bk,Cd,0
Bk,Ce,0
Bk,Cl,0
Bk,Co,0
Bk,Cr,0
Bk,Cs,0
Bk,Cu,0
Bk,Dy,0
Bk,Er,0
Bk,Eu,0
Bk,F,0
Bk,Fe,0
Bk,Fr,0
Bk,Ga,0
Bk,Gd,0
Bk,Ge,0
Bk,H,0
Bk,He,0
Bk,Hf,0
Bk,Hg,0
Bk,Ho,0
Bk,I,0
Bk,In,0
Bk,Ir,0
Bk,K,0
Bk,La,0
Bk,Li,0
Bk,Lu,0
Bk,Mg,0
Bk,Mn,0
Bk,Mo,0
Bk,N,0
Bk,Na,0
Bk,Nb,0
Bk,Nd,0
Bk,Ne,0
Bk,Ni,0
Bk,O,0
Bk,Os,0
Bk,P,0
Bk,Pa,0
Bk,Pb,0
Bk,Pd,0
Bk,Pr,0
Bk,Pt,0
Bk,Ra,0
Bk,Rb,0
Bk,Re,0
Bk,Ru,0
Bk,S,0
Bk,Sb,0
Bk,Sc,0
Bk,Se,0
Bk,Si,0
Bk,Sm,0
Bk,Sn,0
Bk,Sr,0
Bk,Ta,0
Bk,Tb,0
Bk,Tc,0
Bk,Te,0
Bk,Th,0
Bk,Ti,0
Bk,Tl,0
Bk,Tm,0
Bk,U,0
Bk,V,0
Bk,W,0
Bk,Xe,0
Bk,Y,0
Bk,Yb,0
Bk,Zn,0
Bk,Zr,0
Br,Ac,0
Br,Ag,0
Br,Al,0
Br,Ar,0
Br,As,1
Br,Au,0
Br,B,2
Br,Ba,0
Br,Be,0
Br,Bi,0
Br,Bk,0
Br,Br,14607
Br,C,14603
Br,Ca,0
Br,Cd,0
Br,Ce,0
Br,Cl,1861
Br,Co,3
Br,Cr,0
Br,Cs,0
Br,Cu,0
Br,Dy,0
Br,Er,0
Br,Eu,0
Br,F,87
Br,Fe,0
Br,Fr,0
Br,Ga,0
Br,Gd,0
Br,Ge,0
Br,H,14594
Br,He,0
Br,Hf,0
Br,Hg,2
Br,Ho,0
Br,I,87
Br,In,0
Br,Ir,0
Br,K,2
Br,La,0
Br,Li,0
Br,Lu,0
Br,Mg,1
Br,Mn,0
Br,Mo,0
Br,N,8540
Br,Na,44
Br,Nb,0
Br,Nd,0
Br,Ne,0
Br,Ni,0
Br,O,13657
Br,Os,0
Br,P,50
Br,Pa,0
Br,Pb,0
Br,Pd,0
Br,Pr,0
Br,Pt,0
Br,Ra,0
Br,Rb,0
Br,Re,0
Br,Ru,0
Br,S,1127
Br,Sb,0
Br,Sc,0
Br,Se,0
Br,Si,2
Br,Sm,0
Br,Sn,0
Br,Sr,0
Br,Ta,0
Br,Tb,0
Br,Tc,1
Br,Te,0
Br,Th,0
Br,Ti,0
Br,Tl,0
Br,Tm,0
Br,U,0
Br,V,0
Br,W,0
Br,Xe,0
Br,Y,0
Br,Yb,0
Br,Zn,0
Br,Zr,0
C,Ac,2
C,Ag,1
C,Al,22
C,Ar,0
C,As,134
C,Au,5
C,B,190
C,Ba,0
C,Be,0
C,Bi,6
C,Bk,0
C,Br,14603
C,C,738543
C,Ca,54
C,Cd,0
C,Ce,0
C,Cl,31875
C,Co,73
C,Cr,1
C,Cs,0
C,Cu,16
C,Dy,0
C,Er,0
C,Eu,0
C,F,1315
C,Fe,189
C,Fr,0
C,Ga,5
C,Gd,9
C,Ge,1
C,H,738501
C,He,1
C,Hf,0
C,Hg,21
C,Ho,4
C,I,1396
C,In,3
C,Ir,0
C,K,131
C,La,0
C,Li,6
C,Lu,2
C,Mg,105
C,Mn,5
C,Mo,3
C,N,332819
C,Na,1820
C,Nb,0
C,Nd,0
C,Ne,0
C,Ni,35
C,O,722122
C,Os,0
C,P,14280
C,Pa,0
C,Pb,2
C,Pd,0
C,Pr,0
C,Pt,2
C,Ra,0
C,Rb,0
C,Re,0
C,Ru,2
C,S,56598
C,Sb,1
C,Sc,0
C,Se,98
C,Si,371
C,Sm,1
C,Sn,5
C,Sr,2
C,Ta,0
C,Tb,0
C,Tc,4
C,Te,2
C,Th,0
C,Ti,0
C,Tl,1
C,Tm,0
C,U,0
C,V,11
C,W,3
C,Xe,0
C,Y,0
C,Yb,0
C,Zn,28
C,Zr,0
Ca,Ac,0
Ca,Ag,0
Ca,Al,0
Ca,Ar,0
Ca,As,0
Ca,Au,0
Ca,B,0
Ca,Ba,0
Ca,Be,0
Ca,Bi,0
Ca,Bk,0
Ca,Br,0
Ca,C,54
Ca,Ca,59
Ca,Cd,0
Ca,Ce,0
Ca,Cl,1
Ca,Co,0
Ca,Cr,0
Ca,Cs,0
Ca,Cu,0
Ca,Dy,0
Ca,Er,0
Ca,Eu,0
Ca,F,0
Ca,Fe,1
Ca,Fr,0
Ca,Ga,0
Ca,Gd,0
Ca,Ge,0
Ca,H,54
Ca,He,0
Ca,Hf,0
Ca,Hg,0
Ca,Ho,0
Ca,I,0
Ca,In,0
Ca,Ir,0
Ca,K,0
Ca,La,0
Ca,Li,0
Ca,Lu,0
Ca,Mg,0
Ca,Mn,0
Ca,Mo,0
Ca,N,20
Ca,Na,1
Ca,Nb,0
Ca,Nd,0
Ca,Ne,0
Ca,Ni,0
Ca,O,54
Ca,Os,0
Ca,P,2
Ca,Pa,0
Ca,Pb,0
Ca,Pd,0
Ca,Pr,0
Ca,Pt,0
Ca,Ra,0
Ca,Rb,0
Ca,Re,0
Ca,Ru,0
Ca,S,4
Ca,Sb,0
Ca,Sc,0
Ca,Se,0
Ca,Si,0
Ca,Sm,0
Ca,Sn,0
Ca,Sr,0
Ca,Ta,0
Ca,Tb,0
Ca,Tc,0
Ca,Te,0
Ca,Th,0
Ca,Ti,0
Ca,Tl,0
Ca,Tm,0
Ca,U,0
Ca,V,0
Ca,W,0
Ca,Xe,0
Ca,Y,0
Ca,Yb,0
Ca,Zn,1
Ca,Zr,0
Cd,Ac,0
Cd,Ag,0
Cd,Al,0
Cd,Ar,0
Cd,As,0
Cd,Au,0
Cd,B,0
Cd,Ba,0
Cd,Be,0
Cd,Bi,0
Cd,Bk,0
Cd,Br,0
Cd,C,0
Cd,Ca,0
Cd,Cd,3
Cd,Ce,0
Cd,Cl,0
Cd,Co,0
Cd,Cr,0
Cd,Cs,0
Cd,Cu,0
Cd,Dy,0
Cd,Er,0
Cd,Eu,0
Cd,F,0
Cd,Fe,0
Cd,Fr,0
Cd,Ga,0
Cd,Gd,0
Cd,Ge,0
Cd,H,0
Cd,He,0
Cd,Hf,0
Cd,Hg,0
Cd,Ho,0
Cd,I,0
Cd,In,0
Cd,Ir,0
Cd,K,0
Cd,La,0
Cd,Li,0
Cd,Lu,0
Cd,Mg,0
Cd,Mn,0
Cd,Mo,0
Cd,N,0
Cd,Na,0
Cd,Nb,0
Cd,Nd,0
Cd,Ne,0
Cd,Ni,0
Cd,O,0
Cd,Os,0
Cd,P,0
Cd,Pa,0
Cd,Pb,0
Cd,Pd,0
Cd,Pr,0
Cd,Pt,0
Cd,Ra,0
Cd,Rb,0
Cd,Re,0
Cd,Ru,0
Cd,S,1
Cd,Sb,0
Cd,Sc,0
Cd,Se,0
Cd,Si,0
Cd,Sm,0
Cd,Sn,0
Cd,Sr,0
Cd,Ta,0
Cd,Tb,0
Cd,Tc,0
Cd,Te,0
Cd,Th,0
Cd,Ti,0
Cd,Tl,0
Cd,Tm,0
Cd,U,0
Cd,V,0
Cd,W,0
Cd,Xe,0
Cd,Y,0
Cd,Yb,0
Cd,Zn,0
Cd,Zr,0
Ce,Ac,0
Ce,Ag,0
Ce,Al,0
Ce,Ar,0
Ce,As,0
Ce,Au,0
Ce,B,0
Ce,Ba,0
Ce,Be,0
Ce,Bi,0
Ce,Bk,0
Ce,Br,0
Ce,C,0
Ce,Ca,0
Ce,Cd,0
Ce,Ce,1
Ce,Cl,0
Ce,Co,0
Ce,Cr,0
Ce,Cs,0
Ce,Cu,0
Ce,Dy,0
Ce,Er,0
Ce,Eu,0
Ce,F,0
Ce,Fe,0
Ce,Fr,0
Ce,Ga,0
Ce,Gd,0
Ce,Ge,0
Ce,H,0
Ce,He,0
Ce,Hf,0
Ce,Hg,0
Ce,Ho,0
Ce,I,0
Ce,In,0
Ce,Ir,0
Ce,K,0
Ce,La,0
Ce,Li,0
Ce,Lu,0
Ce,Mg,0
Ce,Mn,0
Ce,Mo,0
Ce,N,0
Ce,Na,0
Ce,Nb,0
Ce,Nd,0
Ce,Ne,0
Ce,Ni,0
Ce,O,0
Ce,Os,0
Ce,P,0
Ce,Pa,0
Ce,Pb,0
Ce,Pd,0
Ce,Pr,0
Ce,Pt,0
Ce,Ra,0
Ce,Rb,0
Ce,Re,0
Ce,Ru,0
Ce,S,0
Ce,Sb,0
Ce,Sc,0
Ce,Se,0
Ce,Si,0
Ce,Sm,0
Ce,Sn,0
Ce,Sr,0
Ce,Ta,0
Ce,Tb,0
Ce,Tc,0
Ce,Te,0
Ce,Th,0
Ce,Ti,0
Ce,Tl,0
Ce,Tm,0
Ce,U,0
Ce,V,0
Ce,W,0
Ce,Xe,0
Ce,Y,0
Ce,Yb,0
Ce,Zn,0
Ce,Zr,0
Cl,Ac,0
Cl,Ag,0
Cl,Al,1
Cl,Ar,0
Cl,As,0
Cl,Au,0
Cl,B,17
Cl,Ba,0
Cl,Be,0
Cl,Bi,0
Cl,Bk,0
Cl,Br,1861
Cl,C,31875
Cl,Ca,1
Cl,Cd,0
Cl,Ce,0
Cl,Cl,31898
Cl,Co,2
Cl,Cr,0
Cl,Cs,0
Cl,Cu,2
Cl,Dy,0
Cl,Er,0
Cl,Eu,0
Cl,F,285
Cl,Fe,4
Cl,Fr,0
Cl,Ga,0
Cl,Gd,0
Cl,Ge,0
Cl,H,31864
Cl,He,0
Cl,Hf,0
Cl,Hg,2
Cl,Ho,0
Cl,I,83
Cl,In,1
Cl,Ir,0
Cl,K,3
Cl,La,0
Cl,Li,0
Cl,Lu,0
Cl,Mg,2
Cl,Mn,0
Cl,Mo,0
Cl,N,22361
Cl,Na,29
Cl,Nb,0
Cl,Nd,0
Cl,Ne,0
Cl,Ni,0
Cl,O,30292
Cl,Os,0
Cl,P,152
Cl,Pa,0
Cl,Pb,0
Cl,Pd,0
Cl,Pr,0
Cl,Pt,2
Cl,Ra,1
Cl,Rb,1
Cl,Re,0
Cl,Ru,0
Cl,S,3575
Cl,Sb,2
Cl,Sc,0
Cl,Se,0
Cl,Si,16
Cl,Sm,0
Cl,Sn,5
Cl,Sr,1
Cl,Ta,0
Cl,Tb,0
Cl,Tc,0
Cl,Te,0
Cl,Th,0
Cl,Ti,0
Cl,Tl,1
Cl,Tm,0
Cl,U,0
Cl,V,0
Cl,W,0
Cl,Xe,0
Cl,Y,0
Cl,Yb,0
Cl,Zn,2
Cl,Zr,0
Co,Ac,0
Co,Ag,0
Co,Al,0
Co,Ar,0
Co,As,0
Co,Au,0
Co,B,0
Co,Ba,0
Co,Be,0
Co,Bi,0
Co,Bk,0
Co,Br,3
Co,C,73
Co,Ca,0
Co,Cd,0
Co,Ce,0
Co,Cl,2
Co,Co,76
Co,Cr,0
Co,Cs,0
Co,Cu,0
Co,Dy,0
Co,Er,0
Co,Eu,0
Co,F,0
Co,Fe,0
Co,Fr,0
Co,Ga,0
Co,Gd,0
Co,Ge,0
Co,H,74
Co,He,0
Co,Hf,0
Co,Hg,0
Co,Ho,0
Co,I,0
Co,In,0
Co,Ir,0
Co,K,0
Co,La,0
Co,Li,0
Co,Lu,0
Co,Mg,0
Co,Mn,0
Co,Mo,0
Co,N,71
Co,Na,0
Co,Nb,0
Co,Nd,0
Co,Ne,0
Co,Ni,0
Co,O,69
Co,Os,0
Co,P,48
Co,Pa,0
Co,Pb,0
Co,Pd,0
Co,Pr,0
Co,Pt,0
Co,Ra,0
Co,Rb,0
Co,Re,0
Co,Ru,0
Co,S,3
Co,Sb,0
Co,Sc,0
Co,Se,0
Co,Si,0
Co,Sm,0
Co,Sn,0
Co,Sr,0
Co,Ta,0
Co,Tb,0
Co,Tc,0
Co,Te,0
Co,Th,0
Co,Ti,0
Co,Tl,0
Co,Tm,0
Co,U,0
Co,V,0
Co,W,0
Co,Xe,0
Co,Y,0
Co,Yb,0
Co,Zn,0
Co,Zr,0
Cr,Ac,0
Cr,Ag,0
Cr,Al,0
Cr,Ar,0
Cr,As,0
Cr,Au,0
Cr,B,0
Cr,Ba,0
Cr,Be,0
Cr,Bi,0
Cr,Bk,0
Cr,Br,0
Cr,C,1
Cr,Ca,0
Cr,Cd,0
Cr,Ce,0
Cr,Cl,0
Cr,Co,0
Cr,Cr,6
Cr,Cs,0
Cr,Cu,0
Cr,Dy,0
Cr,Er,0
Cr,Eu,0
Cr,F,0
Cr,Fe,0
Cr,Fr,0
Cr,Ga,0
Cr,Gd,0
Cr,Ge,0
Cr,H,2
Cr,He,0
Cr,Hf,0
Cr,Hg,0
Cr,Ho,0
Cr,I,0
Cr,In,0
Cr,Ir,0
Cr,K,0
Cr,La,0
Cr,Li,0
Cr,Lu,0
Cr,Mg,0
Cr,Mn,0
Cr,Mo,0
Cr,N,1
Cr,Na,0
Cr,Nb,0
Cr,Nd,0
Cr,Ne,0
Cr,Ni,0
Cr,O,2
Cr,Os,0
Cr,P,0
Cr,Pa,0
Cr,Pb,0
Cr,Pd,0
Cr,Pr,0
Cr,Pt,0
Cr,Ra,0
Cr,Rb,0
Cr,Re,0
Cr,Ru,0
Cr,S,0
Cr,Sb,0
Cr,Sc,0
Cr,Se,0
Cr,Si,0
Cr,Sm,0
Cr,Sn,0
Cr,Sr,0
Cr,Ta,0
Cr,Tb,0
Cr,Tc,0
Cr,Te,0
Cr,Th,0
Cr,Ti,0
Cr,Tl,0
Cr,Tm,0
Cr,U,0
Cr,V,0
Cr,W,0
Cr,Xe,0
Cr,Y,0
Cr,Yb,0
Cr,Zn,0
Cr,Zr,0
Cs,Ac,0
Cs,Ag,0
Cs,Al,0
Cs,Ar,0
Cs,As,0
Cs,Au,0
Cs,B,0
Cs,Ba,0
Cs,Be,0
Cs,Bi,0
Cs,Bk,0
Cs,Br,0
Cs,C,0
Cs,Ca,0
Cs,Cd,0
Cs,Ce,0
Cs,Cl,0
Cs,Co,0
Cs,Cr,0
Cs,Cs,1
Cs,Cu,0
Cs,Dy,0
Cs,Er,0
Cs,Eu,0
Cs,F,0
Cs,Fe,0
Cs,Fr,0
Cs,Ga,0
Cs,Gd,0
Cs,Ge,0
Cs,H,0
Cs,He,0
Cs,Hf,0
Cs,Hg,0
Cs,Ho,0
Cs,I,0
Cs,In,0
Cs,Ir,0
Cs,K,0
Cs,La,0
Cs,Li,0
Cs,Lu,0
Cs,Mg,0
Cs,Mn,0
Cs,Mo,0
Cs,N,0
Cs,Na,0
Cs,Nb,0
Cs,Nd,0
Cs,Ne,0
Cs,Ni,0
Cs,O,0
Cs,Os,0
Cs,P,0
Cs,Pa,0
Cs,Pb,0
Cs,Pd,0
Cs,Pr,0
Cs,Pt,0
Cs,Ra,0
Cs,Rb,0
Cs,Re,0
Cs,Ru,0
Cs,S,0
Cs,Sb,0
Cs,Sc,0
Cs,Se,0
Cs,Si,0
Cs,Sm,0
Cs,Sn,0
Cs,Sr,0
Cs,Ta,0
Cs,Tb,0
Cs,Tc,0
Cs,Te,0
Cs,Th,0
Cs,Ti,0
Cs,Tl,0
Cs,Tm,0
Cs,U,0
Cs,V,0
Cs,W,0
Cs,Xe,0
Cs,Y,0
Cs,Yb,0
Cs,Zn,0
Cs,Zr,0
Cu,Ac,0
Cu,Ag,0
Cu,Al,0
Cu,Ar,0
Cu,As,0
Cu,Au,0
Cu,B,0
Cu,Ba,0
Cu,Be,0
Cu,Bi,0
Cu,Bk,0
Cu,Br,0
Cu,C,16
Cu,Ca,0
Cu,Cd,0
Cu,Ce,0
Cu,Cl,2
Cu,Co,0
Cu,Cr,0
Cu,Cs,0
Cu,Cu,22
Cu,Dy,0
Cu,Er,0
Cu,Eu,0
Cu,F,0
Cu,Fe,0
Cu,Fr,0
Cu,Ga,0
Cu,Gd,0
Cu,Ge,0
Cu,H,16
Cu,He,0
Cu,Hf,0
Cu,Hg,0
Cu,Ho,0
Cu,I,1
Cu,In,0
Cu,Ir,0
Cu,K,0
Cu,La,0
Cu,Li,1
Cu,Lu,0
Cu,Mg,0
Cu,Mn,0
Cu,Mo,0
Cu,N,12
Cu,Na,1
Cu,Nb,0
Cu,Nd,0
Cu,Ne,0
Cu,Ni,0
Cu,O,12
Cu,Os,0
Cu,P,1
Cu,Pa,0
Cu,Pb,0
Cu,Pd,0
Cu,Pr,0
Cu,Pt,0
Cu,Ra,0
Cu,Rb,0
Cu,Re,0
Cu,Ru,0
Cu,S,4
Cu,Sb,0
Cu,Sc,0
Cu,Se,0
Cu,Si,0
Cu,Sm,0
Cu,Sn,0
Cu,Sr,0
Cu,Ta,0
Cu,Tb,0
Cu,Tc,0
Cu,Te,0
Cu,Th,0
Cu,Ti,0
Cu,Tl,0
Cu,Tm,0
Cu,U,0
Cu,V,0
Cu,W,0
Cu,Xe,0
Cu,Y,0
Cu,Yb,0
Cu,Zn,0
Cu,Zr,0
Dy,Ac,0
Dy,Ag,0
Dy,Al,0
Dy,Ar,0
Dy,As,0
Dy,Au,0
Dy,B,0
Dy,Ba,0
Dy,Be,0
Dy,Bi,0
Dy,Bk,0
Dy,Br,0
Dy,C,0
Dy,Ca,0
Dy,Cd,0
Dy,Ce,0
Dy,Cl,0
Dy,Co,0
Dy,Cr,0
Dy,Cs,0
Dy,Cu,0
Dy,Dy,1
Dy,Er,0
Dy,Eu,0
Dy,F,0
Dy,Fe,0
Dy,Fr,0
Dy,Ga,0
Dy,Gd,0
Dy,Ge,0
Dy,H,0
Dy,He,0
Dy,Hf,0
Dy,Hg,0
Dy,Ho,0
Dy,I,0
Dy,In,0
Dy,Ir,0
Dy,K,0
Dy,La,0
Dy,Li,0
Dy,Lu,0
Dy,Mg,0
Dy,Mn,0
Dy,Mo,0
Dy,N,0
Dy,Na,0
Dy,Nb,0
Dy,Nd,0
Dy,Ne,0
Dy,Ni,0
Dy,O,0
Dy,Os,0
Dy,P,0
Dy,Pa,0
Dy,Pb,0
Dy,Pd,0
Dy,Pr,0
Dy,Pt,0
Dy,Ra,0
Dy,Rb,0
Dy,Re,0
Dy,Ru,0
Dy,S,0
Dy,Sb,0
Dy,Sc,0
Dy,Se,0
Dy,Si,0
Dy,Sm,0
Dy,Sn,0
Dy,Sr,0
Dy,Ta,0
Dy,Tb,0
Dy,Tc,0
Dy,Te,0
Dy,Th,0
Dy,Ti,0
Dy,Tl,0
Dy,Tm,0
Dy,U,0
Dy,V,0
Dy,W,0
Dy,Xe,0
Dy,Y,0
Dy,Yb,0
Dy,Zn,0
Dy,Zr,0
Er,Ac,0
Er,Ag,0
Er,Al,0
Er,Ar,0
Er,As,0
Er,Au,0
Er,B,0
Er,Ba,0
Er,Be,0
Er,Bi,0
Er,Bk,0
Er,Br,0
Er,C,0
Er,Ca,0
Er,Cd,0
Er,Ce,0
Er,Cl,0
Er,Co,0
Er,Cr,0
Er,Cs,0
Er,Cu,0
Er,Dy,0
Er,Er,1
Er,Eu,0
Er,F,0
Er,Fe,0
Er,Fr,0
Er,Ga,0
Er,Gd,0
Er,Ge,0
Er,H,0
Er,He,0
Er,Hf,0
Er,Hg,0
Er,Ho,0
Er,I,0
Er,In,0
Er,Ir,0
Er,K,0
Er,La,0
Er,Li,0
Er,Lu,0
Er,Mg,0
Er,Mn,0
Er,Mo,0
Er,N,0
Er,Na,0
Er,Nb,0
Er,Nd,0
Er,Ne,0
Er,Ni,0
Er,O,0
Er,Os,0
Er,P,0
Er,Pa,0
Er,Pb,0
Er,Pd,0
Er,Pr,0
Er,Pt,0
Er,Ra,0
Er,Rb,0
Er,Re,0
Er,Ru,0
Er,S,0
Er,Sb,0
Er,Sc,0
Er,Se,0
Er,Si,0
Er,Sm,0
Er,Sn,0
Er,Sr,0
Er,Ta,0
Er,Tb,0
Er,Tc,0
Er,Te,0
Er,Th,0
Er,Ti,0
Er,Tl,0
Er,Tm,0
Er,U,0
Er,V,0
Er,W,0
Er,Xe,0
Er,Y,0
Er,Yb,0
Er,Zn,0
Er,Zr,0
Eu,Ac,0
Eu,Ag,0
Eu,Al,0
Eu,Ar,0
Eu,As,0
Eu,Au,0
Eu,B,0
Eu,Ba,0
Eu,Be,0
Eu,Bi,0
Eu,Bk,0
Eu,Br,0
Eu,C,0
Eu,Ca,0
Eu,Cd,0
Eu,Ce,0
Eu,Cl,0
Eu,Co,0
Eu,Cr,0
Eu,Cs,0
Eu,Cu,0
Eu,Dy,0
Eu,Er,0
Eu,Eu,1
Eu,F,0
Eu,Fe,0
Eu,Fr,0
Eu,Ga,0
Eu,Gd,0
Eu,Ge,0
Eu,H,0
Eu,He,0
Eu,Hf,0
Eu,Hg,0
Eu,Ho,0
Eu,I,0
Eu,In,0
Eu,Ir,0
Eu,K,0
Eu,La,0
Eu,Li,0
Eu,Lu,0
Eu,Mg,0
Eu,Mn,0
Eu,Mo,0
Eu,N,0
Eu,Na,0
Eu,Nb,0
Eu,Nd,0
Eu,Ne,0
Eu,Ni,0
Eu,O,0
Eu,Os,0
Eu,P,0
Eu,Pa,0
Eu,Pb,0
Eu,Pd,0
Eu,Pr,0
Eu,Pt,0
Eu,Ra,0
Eu,Rb,0
Eu,Re,0
Eu,Ru,0
Eu,S,0
Eu,Sb,0
Eu,Sc,0
Eu,Se,0
Eu,Si,0
Eu,Sm,0
Eu,Sn,0
Eu,Sr,0
Eu,Ta,0
Eu,Tb,0
Eu,Tc,0
Eu,Te,0
Eu,Th,0
Eu,Ti,0
Eu,Tl,0
Eu,Tm,0
Eu,U,0
Eu,V,0
Eu,W,0
Eu,Xe,0
Eu,Y,0
Eu,Yb,0
Eu,Zn,0
Eu,Zr,0
F,Ac,0
F,Ag,0
F,Al,0
F,Ar,0
F,As,0
F,Au,0
F,B,2
F,Ba,0
F,Be,0
F,Bi,0
F,Bk,0
F,Br,87
F,C,1315
F,Ca,0
F,Cd,0
F,Ce,0
F,Cl,285
F,Co,0
F,Cr,0
F,Cs,0
F,Cu,0
F,Dy,0
F,Er,0
F,Eu,0
F,F,1315
F,Fe,0
F,Fr,0
F,Ga,0
F,Gd,0
F,Ge,0
F,H,1312
F,He,0
F,Hf,0
F,Hg,0
F,Ho,0
F,I,6
F,In,0
F,Ir,0
F,K,0
F,La,0
F,Li,0
F,Lu,0
F,Mg,0
F,Mn,0
F,Mo,0
F,N,759
F,Na,0
F,Nb,0
F,Nd,0
F,Ne,0
F,Ni,0
F,O,1226
F,Os,0
F,P,2
F,Pa,0
F,Pb,0
F,Pd,0
F,Pr,0
F,Pt,0
F,Ra,0
F,Rb,0
F,Re,0
F,Ru,0
F,S,226
F,Sb,0
F,Sc,0
F,Se,0
F,Si,1
F,Sm,0
F,Sn,0
F,Sr,0
F,Ta,0
F,Tb,0
F,Tc,0
F,Te,0
F,Th,0
F,Ti,0
F,Tl,0
F,Tm,0
F,U,0
F,V,0
F,W,0
F,Xe,0
F,Y,0
F,Yb,0
F,Zn,0
F,Zr,0
Fe,Ac,0
Fe,Ag,0
Fe,Al,0
Fe,Ar,0
Fe,As,0
Fe,Au,0
Fe,B,0
Fe,Ba,0
Fe,Be,0
Fe,Bi,0
Fe,Bk,0
Fe,Br,0
Fe,C,189
Fe,Ca,1
Fe,Cd,0
Fe,Ce,0
Fe,Cl,4
Fe,Co,0
Fe,Cr,0
Fe,Cs,0
Fe,Cu,0
Fe,Dy,0
Fe,Er,0
Fe,Eu,0
Fe,F,0
Fe,Fe,196
Fe,Fr,0
Fe,Ga,0
Fe,Gd,0
Fe,Ge,0
Fe,H,184
Fe,He,0
Fe,Hf,0
Fe,Hg,0
Fe,Ho,0
Fe,I,0
Fe,In,0
Fe,Ir,0
Fe,K,1
Fe,La,0
Fe,Li,0
Fe,Lu,0
Fe,Mg,0
Fe,Mn,0
Fe,Mo,0
Fe,N,173
Fe,Na,7
Fe,Nb,0
Fe,Nd,0
Fe,Ne,0
Fe,Ni,0
Fe,O,188
Fe,Os,0
Fe,P,3
Fe,Pa,0
Fe,Pb,0
Fe,Pd,0
Fe,Pr,0
Fe,Pt,0
Fe,Ra,0
Fe,Rb,0
Fe,Re,0
Fe,Ru,0
Fe,S,12
Fe,Sb,0
Fe,Sc,0
Fe,Se,0
Fe,Si,0
Fe,Sm,0
Fe,Sn,0
Fe,Sr,0
Fe,Ta,0
Fe,Tb,0
Fe,Tc,0
Fe,Te,0
Fe,Th,0
Fe,Ti,0
Fe,Tl,0
Fe,Tm,0
Fe,U,0
Fe,V,0
Fe,W,0
Fe,Xe,0
Fe,Y,0
Fe,Yb,0
Fe,Zn,0
Fe,Zr,0
Fr,Ac,0
Fr,Ag,0
Fr,Al,0
Fr,Ar,0
Fr,As,0
Fr,Au,0
Fr,B,0
Fr,Ba,0
Fr,Be,0
Fr,Bi,0
Fr,Bk,0
Fr,Br,0
Fr,C,0
Fr,Ca,0
Fr,Cd,0
Fr,Ce,0
Fr,Cl,0
Fr,Co,0
Fr,Cr,0
Fr,Cs,0
Fr,Cu,0
Fr,Dy,0
Fr,Er,0
Fr,Eu,0
Fr,F,0
Fr,Fe,0
Fr,Fr,1
Fr,Ga,0
Fr,Gd,0
Fr,Ge,0
Fr,H,0
Fr,He,0
Fr,Hf,0
Fr,Hg,0
Fr,Ho,0
Fr,I,0
Fr,In,0
Fr,Ir,0
Fr,K,0
Fr,La,0
Fr,Li,0
Fr,Lu,0
Fr,Mg,0
Fr,Mn,0
Fr,Mo,0
Fr,N,0
Fr,Na,0
Fr,Nb,0
Fr,Nd,0
Fr,Ne,0
Fr,Ni,0
Fr,O,0
Fr,Os,0
Fr,P,0
Fr,Pa,0
Fr,Pb,0
Fr,Pd,0
Fr,Pr,0
Fr,Pt,0
Fr,Ra,0
Fr,Rb,0
Fr,Re,0
Fr,Ru,0
Fr,S,0
Fr,Sb,0
Fr,Sc,0
Fr,Se,0
Fr,Si,0
Fr,Sm,0
Fr,Sn,0
Fr,Sr,0
Fr,Ta,0
Fr,Tb,0
Fr,Tc,0
Fr,Te,0
Fr,Th,0
Fr,Ti,0
Fr,Tl,0
Fr,Tm,0
Fr,U,0
Fr,V,0
Fr,W,0
Fr,Xe,0
Fr,Y,0
Fr,Yb,0
Fr,Zn,0
Fr,Zr,0
Ga,Ac,0
Ga,Ag,0
Ga,Al,0
Ga,Ar,0
Ga,As,0
Ga,Au,0
Ga,B,0
Ga,Ba,0
Ga,Be,0
Ga,Bi,0
Ga,Bk,0
Ga,Br,0
Ga,C,5
Ga,Ca,0
Ga,Cd,0
Ga,Ce,0
Ga,Cl,0
Ga,Co,0
Ga,Cr,0
Ga,Cs,0
Ga,Cu,0
Ga,Dy,0
Ga,Er,0
Ga,Eu,0
Ga,F,0
Ga,Fe,0
Ga,Fr,0
Ga,Ga,7
Ga,Gd,0
Ga,Ge,0
Ga,H,6
Ga,He,0
Ga,Hf,0
Ga,Hg,0
Ga,Ho,0
Ga,I,0
Ga,In,0
Ga,Ir,0
Ga,K,0
Ga,La,0
Ga,Li,0
Ga,Lu,0
Ga,Mg,0
Ga,Mn,0
Ga,Mo,0
Ga,N,2
Ga,Na,0
Ga,Nb,0
Ga,Nd,0
Ga,Ne,0
Ga,Ni,0
Ga,O,4
Ga,Os,0
Ga,P,0
Ga,Pa,0
Ga,Pb,0
Ga,Pd,0
Ga,Pr,0
Ga,Pt,0
Ga,Ra,0
Ga,Rb,0
Ga,Re,0
Ga,Ru,0
Ga,S,1
Ga,Sb,0
Ga,Sc,0
Ga,Se,0
Ga,Si,0
Ga,Sm,0
Ga,Sn,0
Ga,Sr,0
Ga,Ta,0
Ga,Tb,0
Ga,Tc,0
Ga,Te,0
Ga,Th,0
Ga,Ti,0
Ga,Tl,0
Ga,Tm,0
Ga,U,0
Ga,V,0
Ga,W,0
Ga,Xe,0
Ga,Y,0
Ga,Yb,0
Ga,Zn,0
Ga,Zr,0
Gd,Ac,0
Gd,Ag,0
Gd,Al,0
Gd,Ar,0
Gd,As,0
Gd,Au,0
Gd,B,0
Gd,Ba,0
Gd,Be,0
Gd,Bi,0
Gd,Bk,0
Gd,Br,0
Gd,C,9
Gd,Ca,0
Gd,Cd,0
Gd,Ce,0
Gd,Cl,0
Gd,Co,0
Gd,Cr,0
Gd,Cs,0
Gd,Cu,0
Gd,Dy,0
Gd,Er,0
Gd,Eu,0
Gd,F,0
Gd,Fe,0
Gd,Fr,0
Gd,Ga,0
Gd,Gd,10
Gd,Ge,0
Gd,H,9
Gd,He,0
Gd,Hf,0
Gd,Hg,0
Gd,Ho,0
Gd,I,0
Gd,In,0
Gd,Ir,0
Gd,K,0
Gd,La,0
Gd,Li,0
Gd,Lu,0
Gd,Mg,0
Gd,Mn,0
Gd,Mo,0
Gd,N,9
Gd,Na,1
Gd,Nb,0
Gd,Nd,0
Gd,Ne,0
Gd,Ni,0
Gd,O,9
Gd,Os,0
Gd,P,1
Gd,Pa,0
Gd,Pb,0
Gd,Pd,0
Gd,Pr,0
Gd,Pt,0
Gd,Ra,0
Gd,Rb,0
Gd,Re,0
Gd,Ru,0
Gd,S,0
Gd,Sb,0
Gd,Sc,0
Gd,Se,0
Gd,Si,0
Gd,Sm,0
Gd,Sn,0
Gd,Sr,0
Gd,Ta,0
Gd,Tb,0
Gd,Tc,0
Gd,Te,0
Gd,Th,0
Gd,Ti,0
Gd,Tl,0
Gd,Tm,0
Gd,U,0
Gd,V,0
Gd,W,0
Gd,Xe,0
Gd,Y,0
Gd,Yb,0
Gd,Zn,0
Gd,Zr,0
Ge,Ac,0
Ge,Ag,0
Ge,Al,0
Ge,Ar,0
Ge,As,0
Ge,Au,0
Ge,B,0
Ge,Ba,0
Ge,Be,0
Ge,Bi,0
Ge,Bk,0
Ge,Br,0
Ge,C,1
Ge,Ca,0
Ge,Cd,0
Ge,Ce,0
Ge,Cl,0
Ge,Co,0
Ge,Cr,0
Ge,Cs,0
Ge,Cu,0
Ge,Dy,0
Ge,Er,0
Ge,Eu,0
Ge,F,0
Ge,Fe,0
Ge,Fr,0
Ge,Ga,0
Ge,Gd,0
Ge,Ge,2
Ge,H,1
Ge,He,0
Ge,Hf,0
Ge,Hg,0
Ge,Ho,0
Ge,I,0
Ge,In,0
Ge,Ir,0
Ge,K,0
Ge,La,0
Ge,Li,0
Ge,Lu,0
Ge,Mg,0
Ge,Mn,0
Ge,Mo,0
Ge,N,0
Ge,Na,0
Ge,Nb,0
Ge,Nd,0
Ge,Ne,0
Ge,Ni,0
Ge,O,0
Ge,Os,0
Ge,P,0
Ge,Pa,0
Ge,Pb,0
Ge,Pd,0
Ge,Pr,0
Ge,Pt,0
Ge,Ra,0
Ge,Rb,0
Ge,Re,0
Ge,Ru,0
Ge,S,0
Ge,Sb,0
Ge,Sc,0
Ge,Se,0
Ge,Si,0
Ge,Sm,0
Ge,Sn,0
Ge,Sr,0
Ge,Ta,0
Ge,Tb,0
Ge,Tc,0
Ge,Te,0
Ge,Th,0
Ge,Ti,0
Ge,Tl,0
Ge,Tm,0
Ge,U,0
Ge,V,0
Ge,W,0
Ge,Xe,0
Ge,Y,0
Ge,Yb,0
Ge,Zn,0
Ge,Zr,0
H,Ac,2
H,Ag,1
H,Al,23
H,Ar,0
H,As,139
H,Au,5
H,B,196
H,Ba,1
H,Be,0
H,Bi,6
H,Bk,0
H,Br,14594
H,C,738501
H,Ca,54
H,Cd,0
H,Ce,0
H,Cl,31864
H,Co,74
H,Cr,2
H,Cs,0
H,Cu,16
H,Dy,0
H,Er,0
H,Eu,0
H,F,1312
H,Fe,184
H,Fr,0
H,Ga,6
H,Gd,9
H,Ge,1
H,H,738609
H,He,1
H,Hf,0
H,Hg,21
H,Ho,4
H,I,1401
H,In,5
H,Ir,0
H,K,130
H,La,0
H,Li,6
H,Lu,2
H,Mg,105
H,Mn,6
H,Mo,6
H,N,332825
H,Na,1818
H,Nb,0
H,Nd,0
H,Ne,0
H,Ni,35
H,O,722176
H,Os,0
H,P,14303
H,Pa,0
H,Pb,2
H,Pd,0
H,Pr,0
H,Pt,3
H,Ra,1
H,Rb,0
H,Re,0
H,Ru,2
H,S,56611
H,Sb,2
H,Sc,0
H,Se,104
H,Si,378
H,Sm,1
H,Sn,6
H,Sr,2
H,Ta,0
H,Tb,0
H,Tc,4
H,Te,3
H,Th,0
H,Ti,0
H,Tl,2
H,Tm,0
H,U,0
H,V,13
H,W,3
H,Xe,0
H,Y,0
H,Yb,0
H,Zn,29
H,Zr,0
He,Ac,0
He,Ag,0
He,Al,0
He,Ar,0
He,As,0
He,Au,0
He,B,0
He,Ba,0
He,Be,0
He,Bi,0
He,Bk,0
He,Br,0
He,C,1
He,Ca,0
He,Cd,0
He,Ce,0
He,Cl,0
He,Co,0
He,Cr,0
He,Cs,0
He,Cu,0
He,Dy,0
He,Er,0
He,Eu,0
He,F,0
He,Fe,0
He,Fr,0
He,Ga,0
He,Gd,0
He,Ge,0
He,H,1
He,He,3
He,Hf,0
He,Hg,0
He,Ho,0
He,I,0
He,In,0
He,Ir,0
He,K,0
He,La,0
He,Li,0
He,Lu,0
He,Mg,0
He,Mn,0
He,Mo,0
He,N,1
He,Na,0
He,Nb,0
He,Nd,0
He,Ne,0
He,Ni,0
He,O,1
He,Os,0
He,P,0
He,Pa,0
He,Pb,0
He,Pd,0
He,Pr,0
He,Pt,0
He,Ra,0
He,Rb,0
He,Re,0
He,Ru,0
He,S,0
He,Sb,0
He,Sc,0
He,Se,0
He,Si,0
He,Sm,0
He,Sn,0
He,Sr,0
He,Ta,0
He,Tb,0
He,Tc,0
He,Te,0
He,Th,0
He,Ti,0
He,Tl,0
He,Tm,0
He,U,0
He,V,0
He,W,0
He,Xe,0
He,Y,0
He,Yb,0
He,Zn,0
He,Zr,0
Hf,Ac,0
Hf,Ag,0
Hf,Al,0
Hf,Ar,0
Hf,As,0
Hf,Au,0
Hf,B,0
Hf,Ba,0
Hf,Be,0
Hf,Bi,0
Hf,Bk,0
Hf,Br,0
Hf,C,0
Hf,Ca,0
Hf,Cd,0
Hf,Ce,0
Hf,Cl,0
Hf,Co,0
Hf,Cr,0
Hf,Cs,0
Hf,Cu,0
Hf,Dy,0
Hf,Er,0
Hf,Eu,0
Hf,F,0
Hf,Fe,0
Hf,Fr,0
Hf,Ga,0
Hf,Gd,0
Hf,Ge,0
Hf,H,0
Hf,He,0
Hf,Hf,1
Hf,Hg,0
Hf,Ho,0
Hf,I,0
Hf,In,0
Hf,Ir,0
Hf,K,0
Hf,La,0
Hf,Li,0
Hf,Lu,0
Hf,Mg,0
Hf,Mn,0
Hf,Mo,0
Hf,N,0
Hf,Na,0
Hf,Nb,0
Hf,Nd,0
Hf,Ne,0
Hf,Ni,0
Hf,O,0
Hf,Os,0
Hf,P,0
Hf,Pa,0
Hf,Pb,0
Hf,Pd,0
Hf,Pr,0
Hf,Pt,0
Hf,Ra,0
Hf,Rb,0
Hf,Re,0
Hf,Ru,0
Hf,S,0
Hf,Sb,0
Hf,Sc,0
Hf,Se,0
Hf,Si,0
Hf,Sm,0
Hf,Sn,0
Hf,Sr,0
Hf,Ta,0
Hf,Tb,0
Hf,Tc,0
Hf,Te,0
Hf,Th,0
Hf,Ti,0
Hf,Tl,0
Hf,Tm,0
Hf,U,0
Hf,V,0
Hf,W,0
Hf,Xe,0
Hf,Y,0
Hf,Yb,0
Hf,Zn,0
Hf,Zr,0
Hg,Ac,0
Hg,Ag,0
Hg,Al,0
Hg,Ar,0
Hg,As,0
Hg,Au,0
Hg,B,0
Hg,Ba,0
Hg,Be,0
Hg,Bi,0
Hg,Bk,0
Hg,Br,2
Hg,C,21
Hg,Ca,0
Hg,Cd,0
Hg,Ce,0
Hg,Cl,2
Hg,Co,0
Hg,Cr,0
Hg,Cs,0
Hg,Cu,0
Hg,Dy,0
Hg,Er,0
Hg,Eu,0
Hg,F,0
Hg,Fe,0
Hg,Fr,0
Hg,Ga,0
Hg,Gd,0
Hg,Ge,0
Hg,H,21
Hg,He,0
Hg,Hf,0
Hg,Hg,27
Hg,Ho,0
Hg,I,2
Hg,In,0
Hg,Ir,0
Hg,K,0
Hg,La,0
Hg,Li,0
Hg,Lu,0
Hg,Mg,0
Hg,Mn,0
Hg,Mo,0
Hg,N,9
Hg,Na,7
Hg,Nb,0
Hg,Nd,0
Hg,Ne,0
Hg,Ni,0
Hg,O,20
Hg,Os,0
Hg,P,0
Hg,Pa,0
Hg,Pb,0
Hg,Pd,0
Hg,Pr,0
Hg,Pt,0
Hg,Ra,0
Hg,Rb,0
Hg,Re,0
Hg,Ru,0
Hg,S,7
Hg,Sb,0
Hg,Sc,0
Hg,Se,0
Hg,Si,0
Hg,Sm,0
Hg,Sn,0
Hg,Sr,0
Hg,Ta,0
Hg,Tb,0
Hg,Tc,0
Hg,Te,0
Hg,Th,0
Hg,Ti,0
Hg,Tl,0
Hg,Tm,0
Hg,U,0
Hg,V,0
Hg,W,0
Hg,Xe,0
Hg,Y,0
Hg,Yb,0
Hg,Zn,0
Hg,Zr,0
Ho,Ac,0
Ho,Ag,0
Ho,Al,0
Ho,Ar,0
Ho,As,0
Ho,Au,0
Ho,B,0
Ho,Ba,0
Ho,Be,0
Ho,Bi,0
Ho,Bk,0
Ho,Br,0
Ho,C,4
Ho,Ca,0
Ho,Cd,0
Ho,Ce,0
Ho,Cl,0
Ho,Co,0
Ho,Cr,0
Ho,Cs,0
Ho,Cu,0
Ho,Dy,0
Ho,Er,0
Ho,Eu,0
Ho,F,0
Ho,Fe,0
Ho,Fr,0
Ho,Ga,0
Ho,Gd,0
Ho,Ge,0
Ho,H,4
Ho,He,0
Ho,Hf,0
Ho,Hg,0
Ho,Ho,5
Ho,I,0
Ho,In,0
Ho,Ir,0
Ho,K,0
Ho,La,0
Ho,Li,0
Ho,Lu,0
Ho,Mg,0
Ho,Mn,0
Ho,Mo,0
Ho,N,1
Ho,Na,0
Ho,Nb,0
Ho,Nd,0
Ho,Ne,0
Ho,Ni,0
Ho,O,4
Ho,Os,0
Ho,P,1
Ho,Pa,0
Ho,Pb,0
Ho,Pd,0
Ho,Pr,0
Ho,Pt,0
Ho,Ra,0
Ho,Rb,0
Ho,Re,0
Ho,Ru,0
Ho,S,0
Ho,Sb,0
Ho,Sc,0
Ho,Se,0
Ho,Si,0
Ho,Sm,0
Ho,Sn,0
Ho,Sr,0
Ho,Ta,0
Ho,Tb,0
Ho,Tc,0
Ho,Te,0
Ho,Th,0
Ho,Ti,0
Ho,Tl,0
Ho,Tm,0
Ho,U,0
Ho,V,0
Ho,W,0
Ho,Xe,0
Ho,Y,0
Ho,Yb,0
Ho,Zn,0
Ho,Zr,0
I,Ac,0
I,Ag,0
I,Al,1
I,Ar,0
I,As,0
I,Au,0
I,B,2
I,Ba,0
I,Be,0
I,Bi,0
I,Bk,0
I,Br,87
I,C,1396
I,Ca,0
I,Cd,0
I,Ce,0
I,Cl,83
I,Co,0
I,Cr,0
I,Cs,0
I,Cu,1
I,Dy,0
I,Er,0
I,Eu,0
I,F,6
I,Fe,0
I,Fr,0
I,Ga,0
I,Gd,0
I,Ge,0
I,H,1401
I,He,0
I,Hf,0
I,Hg,2
I,Ho,0
I,I,1405
I,In,0
I,Ir,0
I,K,0
I,La,0
I,Li,0
I,Lu,0
I,Mg,0
I,Mn,0
I,Mo,0
I,N,1005
I,Na,8
I,Nb,0
I,Nd,0
I,Ne,0
I,Ni,0
I,O,1250
I,Os,0
I,P,7
I,Pa,0
I,Pb,0
I,Pd,0
I,Pr,0
I,Pt,0
I,Ra,0
I,Rb,0
I,Re,0
I,Ru,0
I,S,97
I,Sb,0
I,Sc,0
I,Se,0
I,Si,1
I,Sm,0
I,Sn,0
I,Sr,0
I,Ta,0
I,Tb,0
I,Tc,0
I,Te,0
I,Th,0
I,Ti,0
I,Tl,0
I,Tm,0
I,U,0
I,V,0
I,W,0
I,Xe,0
I,Y,0
I,Yb,0
I,Zn,0
I,Zr,0
In,Ac,0
In,Ag,0
In,Al,0
In,Ar,0
In,As,0
In,Au,0
In,B,0
In,Ba,0
In,Be,0
In,Bi,0
In,Bk,0
In,Br,0
In,C,3
In,Ca,0
In,Cd,0
In,Ce,0
In,Cl,1
In,Co,0
In,Cr,0
In,Cs,0
In,Cu,0
In,Dy,0
In,Er,0
In,Eu,0
In,F,0
In,Fe,0
In,Fr,0
In,Ga,0
In,Gd,0
In,Ge,0
In,H,5
In,He,0
In,Hf,0
In,Hg,0
In,Ho,0
In,I,0
In,In,7
In,Ir,0
In,K,0
In,La,0
In,Li,0
In,Lu,0
In,Mg,0
In,Mn,0
In,Mo,0
In,N,3
In,Na,0
In,Nb,0
In,Nd,0
In,Ne,0
In,Ni,0
In,O,3
In,Os,0
In,P,0
In,Pa,0
In,Pb,0
In,Pd,0
In,Pr,0
In,Pt,0
In,Ra,0
In,Rb,0
In,Re,0
In,Ru,0
In,S,1
In,Sb,0
In,Sc,0
In,Se,0
In,Si,0
In,Sm,0
In,Sn,0
In,Sr,0
In,Ta,0
In,Tb,0
In,Tc,0
In,Te,0
In,Th,0
In,Ti,0
In,Tl,0
In,Tm,0
In,U,0
In,V,0
In,W,0
In,Xe,0
In,Y,0
In,Yb,0
In,Zn,0
In,Zr,0
Ir,Ac,0
Ir,Ag,0
Ir,Al,0
Ir,Ar,0
Ir,As,0
Ir,Au,0
Ir,B,0
Ir,Ba,0
Ir,Be,0
Ir,Bi,0
Ir,Bk,0
Ir,Br,0
Ir,C,0
Ir,Ca,0
Ir,Cd,0
Ir,Ce,0
Ir,Cl,0
Ir,Co,0
Ir,Cr,0
Ir,Cs,0
Ir,Cu,0
Ir,Dy,0
Ir,Er,0
Ir,Eu,0
Ir,F,0
Ir,Fe,0
Ir,Fr,0
Ir,Ga,0
Ir,Gd,0
Ir,Ge,0
Ir,H,0
Ir,He,0
Ir,Hf,0
Ir,Hg,0
Ir,Ho,0
Ir,I,0
Ir,In,0
Ir,Ir,1
Ir,K,0
Ir,La,0
Ir,Li,0
Ir,Lu,0
Ir,Mg,0
Ir,Mn,0
Ir,Mo,0
Ir,N,0
Ir,Na,0
Ir,Nb,0
Ir,Nd,0
Ir,Ne,0
Ir,Ni,0
Ir,O,0
Ir,Os,0
Ir,P,0
Ir,Pa,0
Ir,Pb,0
Ir,Pd,0
Ir,Pr,0
Ir,Pt,0
Ir,Ra,0
Ir,Rb,0
Ir,Re,0
Ir,Ru,0
Ir,S,0
Ir,Sb,0
Ir,Sc,0
Ir,Se,0
Ir,Si,0
Ir,Sm,0
Ir,Sn,0
Ir,Sr,0
Ir,Ta,0
Ir,Tb,0
Ir,Tc,0
Ir,Te,0
Ir,Th,0
Ir,Ti,0
Ir,Tl,0
Ir,Tm,0
Ir,U,0
Ir,V,0
Ir,W,0
Ir,Xe,0
Ir,Y,0
Ir,Yb,0
Ir,Zn,0
Ir,Zr,0
K,Ac,0
K,Ag,0
K,Al,0
K,Ar,0
K,As,0
K,Au,0
K,B,0
K,Ba,0
K,Be,0
K,Bi,1
K,Bk,0
K,Br,2
K,C,131
K,Ca,0
K,Cd,0
K,Ce,0
K,Cl,3
K,Co,0
K,Cr,0
K,Cs,0
K,Cu,0
K,Dy,0
K,Er,0
K,Eu,0
K,F,0
K,Fe,1
K,Fr,0
K,Ga,0
K,Gd,0
K,Ge,0
K,H,130
K,He,0
K,Hf,0
K,Hg,0
K,Ho,0
K,I,0
K,In,0
K,Ir,0
K,K,134
K,La,0
K,Li,1
K,Lu,0
K,Mg,0
K,Mn,0
K,Mo,0
K,N,48
K,Na,4
K,Nb,0
K,Nd,0
K,Ne,0
K,Ni,0
K,O,130
K,Os,0
K,P,5
K,Pa,0
K,Pb,0
K,Pd,0
K,Pr,0
K,Pt,0
K,Ra,0
K,Rb,0
K,Re,0
K,Ru,0
K,S,66
K,Sb,0
K,Sc,0
K,Se,0
K,Si,0
K,Sm,0
K,Sn,0
K,Sr,0
K,Ta,0
K,Tb,0
K,Tc,0
K,Te,0
K,Th,0
K,Ti,0
K,Tl,0
K,Tm,0
K,U,0
K,V,0
K,W,0
K,Xe,0
K,Y,0
K,Yb,0
K,Zn,0
K,Zr,0
La,Ac,0
La,Ag,0
La,Al,0
La,Ar,0
La,As,0
La,Au,0
La,B,0
La,Ba,0
La,Be,0
La,Bi,0
La,Bk,0
La,Br,0
La,C,0
La,Ca,0
La,Cd,0
La,Ce,0
La,Cl,0
La,Co,0
La,Cr,0
La,Cs,0
La,Cu,0
La,Dy,0
La,Er,0
La,Eu,0
La,F,0
La,Fe,0
La,Fr,0
La,Ga,0
La,Gd,0
La,Ge,0
La,H,0
La,He,0
La,Hf,0
La,Hg,0
La,Ho,0
La,I,0
La,In,0
La,Ir,0
La,K,0
La,La,1
La,Li,0
La,Lu,0
La,Mg,0
La,Mn,0
La,Mo,0
La,N,0
La,Na,0
La,Nb,0
La,Nd,0
La,Ne,0
La,Ni,0
La,O,0
La,Os,0
La,P,0
La,Pa,0
La,Pb,0
La,Pd,0
La,Pr,0
La,Pt,0
La,Ra,0
La,Rb,0
La,Re,0
La,Ru,0
La,S,0
La,Sb,0
La,Sc,0
La,Se,0
La,Si,0
La,Sm,0
La,Sn,0
La,Sr,0
La,Ta,0
La,Tb,0
La,Tc,0
La,Te,0
La,Th,0
La,Ti,0
La,Tl,0
La,Tm,0
La,U,0
La,V,0
La,W,0
La,Xe,0
La,Y,0
La,Yb,0
La,Zn,0
La,Zr,0
Li,Ac,0
Li,Ag,0
Li,Al,0
Li,Ar,0
Li,As,0
Li,Au,0
Li,B,0
Li,Ba,0
Li,Be,0
Li,Bi,0
Li,Bk,0
Li,Br,0
Li,C,6
Li,Ca,0
Li,Cd,0
Li,Ce,0
Li,Cl,0
Li,Co,0
Li,Cr,0
Li,Cs,0
Li,Cu,1
Li,Dy,0
Li,Er,0
Li,Eu,0
Li,F,0
Li,Fe,0
Li,Fr,0
Li,Ga,0
Li,Gd,0
Li,Ge,0
Li,H,6
Li,He,0
Li,Hf,0
Li,Hg,0
Li,Ho,0
Li,I,0
Li,In,0
Li,Ir,0
Li,K,1
Li,La,0
Li,Li,8
Li,Lu,0
Li,Mg,0
Li,Mn,0
Li,Mo,0
Li,N,2
Li,Na,0
Li,Nb,0
Li,Nd,0
Li,Ne,0
Li,Ni,0
Li,O,5
Li,Os,0
Li,P,0
Li,Pa,0
Li,Pb,0
Li,Pd,0
Li,Pr,0
Li,Pt,0
Li,Ra,0
Li,Rb,0
Li,Re,0
Li,Ru,0
Li,S,0
Li,Sb,0
Li,Sc,0
Li,Se,0
Li,Si,0
Li,Sm,0
Li,Sn,0
Li,Sr,0
Li,Ta,0
Li,Tb,0
Li,Tc,0
Li,Te,0
Li,Th,0
Li,Ti,0
Li,Tl,0
Li,Tm,0
Li,U,0
Li,V,0
Li,W,0
Li,Xe,0
Li,Y,0
Li,Yb,0
Li,Zn,0
Li,Zr,0
Lu,Ac,0
Lu,Ag,0
Lu,Al,0
Lu,Ar,0
Lu,As,0
Lu,Au,0
Lu,B,0
Lu,Ba,0
Lu,Be,0
Lu,Bi,0
Lu,Bk,0
Lu,Br,0
Lu,C,2
Lu,Ca,0
Lu,Cd,0
Lu,Ce,0
Lu,Cl,0
Lu,Co,0
Lu,Cr,0
Lu,Cs,0
Lu,Cu,0
Lu,Dy,0
Lu,Er,0
Lu,Eu,0
Lu,F,0
Lu,Fe,0
Lu,Fr,0
Lu,Ga,0
Lu,Gd,0
Lu,Ge,0
Lu,H,2
Lu,He,0
Lu,Hf,0
Lu,Hg,0
Lu,Ho,0
Lu,I,0
Lu,In,0
Lu,Ir,0
Lu,K,0
Lu,La,0
Lu,Li,0
Lu,Lu,4
Lu,Mg,0
Lu,Mn,0
Lu,Mo,0
Lu,N,2
Lu,Na,0
Lu,Nb,0
Lu,Nd,0
Lu,Ne,0
Lu,Ni,0
Lu,O,2
Lu,Os,0
Lu,P,0
Lu,Pa,0
Lu,Pb,0
Lu,Pd,0
Lu,Pr,0
Lu,Pt,0
Lu,Ra,0
Lu,Rb,0
Lu,Re,0
Lu,Ru,0
Lu,S,1
Lu,Sb,0
Lu,Sc,0
Lu,Se,0
Lu,Si,0
Lu,Sm,0
Lu,Sn,0
Lu,Sr,0
Lu,Ta,0
Lu,Tb,0
Lu,Tc,0
Lu,Te,0
Lu,Th,0
Lu,Ti,0
Lu,Tl,0
Lu,Tm,0
Lu,U,0
Lu,V,0
Lu,W,0
Lu,Xe,0
Lu,Y,0
Lu,Yb,0
Lu,Zn,0
Lu,Zr,0
Mg,Ac,0
Mg,Ag,0
Mg,Al,0
Mg,Ar,0
Mg,As,0
Mg,Au,0
Mg,B,0
Mg,Ba,0
Mg,Be,0
Mg,Bi,0
Mg,Bk,0
Mg,Br,1
Mg,C,105
Mg,Ca,0
Mg,Cd,0
Mg,Ce,0
Mg,Cl,2
Mg,Co,0
Mg,Cr,0
Mg,Cs,0
Mg,Cu,0
Mg,Dy,0
Mg,Er,0
Mg,Eu,0
Mg,F,0
Mg,Fe,0
Mg,Fr,0
Mg,Ga,0
Mg,Gd,0
Mg,Ge,0
Mg,H,105
Mg,He,0
Mg,Hf,0
Mg,Hg,0
Mg,Ho,0
Mg,I,0
Mg,In,0
Mg,Ir,0
Mg,K,0
Mg,La,0
Mg,Li,0
Mg,Lu,0
Mg,Mg,108
Mg,Mn,0
Mg,Mo,0
Mg,N,78
Mg,Na,0
Mg,Nb,0
Mg,Nd,0
Mg,Ne,0
Mg,Ni,0
Mg,O,106
Mg,Os,0
Mg,P,3
Mg,Pa,0
Mg,Pb,0
Mg,Pd,0
Mg,Pr,0
Mg,Pt,0
Mg,Ra,0
Mg,Rb,0
Mg,Re,0
Mg,Ru,0
Mg,S,5
Mg,Sb,0
Mg,Sc,0
Mg,Se,0
Mg,Si,0
Mg,Sm,0
Mg,Sn,0
Mg,Sr,0
Mg,Ta,0
Mg,Tb,0
Mg,Tc,0
Mg,Te,0
Mg,Th,0
Mg,Ti,0
Mg,Tl,0
Mg,Tm,0
Mg,U,0
Mg,V,0
Mg,W,1
Mg,Xe,0
Mg,Y,0
Mg,Yb,0
Mg,Zn,0
Mg,Zr,0
Mn,Ac,0
Mn,Ag,0
Mn,Al,0
Mn,Ar,0
Mn,As,0
Mn,Au,0
Mn,B,0
Mn,Ba,0
Mn,Be,0
Mn,Bi,0
Mn,Bk,0
Mn,Br,0
Mn,C,5
Mn,Ca,0
Mn,Cd,0
Mn,Ce,0
Mn,Cl,0
Mn,Co,0
Mn,Cr,0
Mn,Cs,0
Mn,Cu,0
Mn,Dy,0
Mn,Er,0
Mn,Eu,0
Mn,F,0
Mn,Fe,0
Mn,Fr,0
Mn,Ga,0
Mn,Gd,0
Mn,Ge,0
Mn,H,6
Mn,He,0
Mn,Hf,0
Mn,Hg,0
Mn,Ho,0
Mn,I,0
Mn,In,0
Mn,Ir,0
Mn,K,0
Mn,La,0
Mn,Li,0
Mn,Lu,0
Mn,Mg,0
Mn,Mn,12
Mn,Mo,0
Mn,N,2
Mn,Na,0
Mn,Nb,0
Mn,Nd,0
Mn,Ne,0
Mn,Ni,0
Mn,O,8
Mn,Os,0
Mn,P,2
Mn,Pa,0
Mn,Pb,0
Mn,Pd,0
Mn,Pr,0
Mn,Pt,0
Mn,Ra,0
Mn,Rb,0
Mn,Re,0
Mn,Ru,0
Mn,S,1
Mn,Sb,0
Mn,Sc,0
Mn,Se,0
Mn,Si,0
Mn,Sm,0
Mn,Sn,0
Mn,Sr,0
Mn,Ta,0
Mn,Tb,0
Mn,Tc,0
Mn,Te,0
Mn,Th,0
Mn,Ti,0
Mn,Tl,0
Mn,Tm,0
Mn,U,0
Mn,V,0
Mn,W,0
Mn,Xe,0
Mn,Y,0
Mn,Yb,0
Mn,Zn,0
Mn,Zr,0
Mo,Ac,0
Mo,Ag,0
Mo,Al,0
Mo,Ar,0
Mo,As,0
Mo,Au,0
Mo,B,0
Mo,Ba,0
Mo,Be,0
Mo,Bi,0
Mo,Bk,0
Mo,Br,0
Mo,C,3
Mo,Ca,0
Mo,Cd,0
Mo,Ce,0
Mo,Cl,0
Mo,Co,0
Mo,Cr,0
Mo,Cs,0
Mo,Cu,0
Mo,Dy,0
Mo,Er,0
Mo,Eu,0
Mo,F,0
Mo,Fe,0
Mo,Fr,0
Mo,Ga,0
Mo,Gd,0
Mo,Ge,0
Mo,H,6
Mo,He,0
Mo,Hf,0
Mo,Hg,0
Mo,Ho,0
Mo,I,0
Mo,In,0
Mo,Ir,0
Mo,K,0
Mo,La,0
Mo,Li,0
Mo,Lu,0
Mo,Mg,0
Mo,Mn,0
Mo,Mo,7
Mo,N,3
Mo,Na,0
Mo,Nb,0
Mo,Nd,0
Mo,Ne,0
Mo,Ni,0
Mo,O,6
Mo,Os,0
Mo,P,3
Mo,Pa,0
Mo,Pb,0
Mo,Pd,0
Mo,Pr,0
Mo,Pt,0
Mo,Ra,0
Mo,Rb,0
Mo,Re,0
Mo,Ru,0
Mo,S,4
Mo,Sb,0
Mo,Sc,0
Mo,Se,0
Mo,Si,0
Mo,Sm,0
Mo,Sn,0
Mo,Sr,0
Mo,Ta,0
Mo,Tb,0
Mo,Tc,0
Mo,Te,0
Mo,Th,0
Mo,Ti,0
Mo,Tl,0
Mo,Tm,0
Mo,U,0
Mo,V,0
Mo,W,0
Mo,Xe,0
Mo,Y,0
Mo,Yb,0
Mo,Zn,0
Mo,Zr,0
N,Ac,1
N,Ag,1
N,Al,11
N,Ar,0
N,As,39
N,Au,0
N,B,108
N,Ba,0
N,Be,0
N,Bi,0
N,Bk,0
N,Br,8540
N,C,332819
N,Ca,20
N,Cd,0
N,Ce,0
N,Cl,22361
N,Co,71
N,Cr,1
N,Cs,0
N,Cu,12
N,Dy,0
N,Er,0
N,Eu,0
N,F,759
N,Fe,173
N,Fr,0
N,Ga,2
N,Gd,9
N,Ge,0
N,H,332825
N,He,1
N,Hf,0
N,Hg,9
N,Ho,1
N,I,1005
N,In,3
N,Ir,0
N,K,48
N,La,0
N,Li,2
N,Lu,2
N,Mg,78
N,Mn,2
N,Mo,3
N,N,332846
N,Na,594
N,Nb,0
N,Nd,0
N,Ne,0
N,Ni,35
N,O,323148
N,Os,0
N,P,9466
N,Pa,0
N,Pb,0
N,Pd,0
N,Pr,0
N,Pt,2
N,Ra,0
N,Rb,0
N,Re,0
N,Ru,2
N,S,47961
N,Sb,0
N,Sc,0
N,Se,79
N,Si,80
N,Sm,1
N,Sn,3
N,Sr,1
N,Ta,0
N,Tb,0
N,Tc,4
N,Te,0
N,Th,0
N,Ti,0
N,Tl,0
N,Tm,0
N,U,0
N,V,4
N,W,3
N,Xe,0
N,Y,0
N,Yb,0
N,Zn,25
N,Zr,0
Na,Ac,0
Na,Ag,0
Na,Al,0
Na,Ar,0
Na,As,0
Na,Au,2
Na,B,2
Na,Ba,0
Na,Be,0
Na,Bi,0
Na,Bk,0
Na,Br,44
Na,C,1820
Na,Ca,1
Na,Cd,0
Na,Ce,0
Na,Cl,29
Na,Co,0
Na,Cr,0
Na,Cs,0
Na,Cu,1
Na,Dy,0
Na,Er,0
Na,Eu,0
Na,F,0
Na,Fe,7
Na,Fr,0
Na,Ga,0
Na,Gd,1
Na,Ge,0
Na,H,1818
Na,He,0
Na,Hf,0
Na,Hg,7
Na,Ho,0
Na,I,8
Na,In,0
Na,Ir,0
Na,K,4
Na,La,0
Na,Li,0
Na,Lu,0
Na,Mg,0
Na,Mn,0
Na,Mo,0
Na,N,594
Na,Na,1822
Na,Nb,0
Na,Nd,0
Na,Ne,0
Na,Ni,0
Na,O,1817
Na,Os,0
Na,P,72
Na,Pa,0
Na,Pb,0
Na,Pd,0
Na,Pr,0
Na,Pt,0
Na,Ra,0
Na,Rb,0
Na,Re,0
Na,Ru,0
Na,S,1463
Na,Sb,1
Na,Sc,0
Na,Se,0
Na,Si,0
Na,Sm,0
Na,Sn,0
Na,Sr,0
Na,Ta,0
Na,Tb,0
Na,Tc,0
Na,Te,0
Na,Th,0
Na,Ti,0
Na,Tl,0
Na,Tm,0
Na,U,0
Na,V,0
Na,W,0
Na,Xe,0
Na,Y,0
Na,Yb,0
Na,Zn,0
Na,Zr,0
Nb,Ac,0
Nb,Ag,0
Nb,Al,0
Nb,Ar,0
Nb,As,0
Nb,Au,0
Nb,B,0
Nb,Ba,0
Nb,Be,0
Nb,Bi,0
Nb,Bk,0
Nb,Br,0
Nb,C,0
Nb,Ca,0
Nb,Cd,0
Nb,Ce,0
Nb,Cl,0
Nb,Co,0
Nb,Cr,0
Nb,Cs,0
Nb,Cu,0
Nb,Dy,0
Nb,Er,0
Nb,Eu,0
Nb,F,0
Nb,Fe,0
Nb,Fr,0
Nb,Ga,0
Nb,Gd,0
Nb,Ge,0
Nb,H,0
Nb,He,0
Nb,Hf,0
Nb,Hg,0
Nb,Ho,0
Nb,I,0
Nb,In,0
Nb,Ir,0
Nb,K,0
Nb,La,0
Nb,Li,0
Nb,Lu,0
Nb,Mg,0
Nb,Mn,0
Nb,Mo,0
Nb,N,0
Nb,Na,0
Nb,Nb,1
Nb,Nd,0
Nb,Ne,0
Nb,Ni,0
Nb,O,0
Nb,Os,0
Nb,P,0
Nb,Pa,0
Nb,Pb,0
Nb,Pd,0
Nb,Pr,0
Nb,Pt,0
Nb,Ra,0
Nb,Rb,0
Nb,Re,0
Nb,Ru,0
Nb,S,0
Nb,Sb,0
Nb,Sc,0
Nb,Se,0
Nb,Si,0
Nb,Sm,0
Nb,Sn,0
Nb,Sr,0
Nb,Ta,0
Nb,Tb,0
Nb,Tc,0
Nb,Te,0
Nb,Th,0
Nb,Ti,0
Nb,Tl,0
Nb,Tm,0
Nb,U,0
Nb,V,0
Nb,W,0
Nb,Xe,0
Nb,Y,0
Nb,Yb,0
Nb,Zn,0
Nb,Zr,0
Nd,Ac,0
Nd,Ag,0
Nd,Al,0
Nd,Ar,0
Nd,As,0
Nd,Au,0
Nd,B,0
Nd,Ba,0
Nd,Be,0
Nd,Bi,0
Nd,Bk,0
Nd,Br,0
Nd,C,0
Nd,Ca,0
Nd,Cd,0
Nd,Ce,0
Nd,Cl,0
Nd,Co,0
Nd,Cr,0
Nd,Cs,0
Nd,Cu,0
Nd,Dy,0
Nd,Er,0
Nd,Eu,0
Nd,F,0
Nd,Fe,0
Nd,Fr,0
Nd,Ga,0
Nd,Gd,0
Nd,Ge,0
Nd,H,0
Nd,He,0
Nd,Hf,0
Nd,Hg,0
Nd,Ho,0
Nd,I,0
Nd,In,0
Nd,Ir,0
Nd,K,0
Nd,La,0
Nd,Li,0
Nd,Lu,0
Nd,Mg,0
Nd,Mn,0
Nd,Mo,0
Nd,N,0
Nd,Na,0
Nd,Nb,0
Nd,Nd,1
Nd,Ne,0
Nd,Ni,0
Nd,O,0
Nd,Os,0
Nd,P,0
Nd,Pa,0
Nd,Pb,0
Nd,Pd,0
Nd,Pr,0
Nd,Pt,0
Nd,Ra,0
Nd,Rb,0
Nd,Re,0
Nd,Ru,0
Nd,S,0
Nd,Sb,0
Nd,Sc,0
Nd,Se,0
Nd,Si,0
Nd,Sm,0
Nd,Sn,0
Nd,Sr,0
Nd,Ta,0
Nd,Tb,0
Nd,Tc,0
Nd,Te,0
Nd,Th,0
Nd,Ti,0
Nd,Tl,0
Nd,Tm,0
Nd,U,0
Nd,V,0
Nd,W,0
Nd,Xe,0
Nd,Y,0
Nd,Yb,0
Nd,Zn,0
Nd,Zr,0
Ne,Ac,0
Ne,Ag,0
Ne,Al,0
Ne,Ar,0
Ne,As,0
Ne,Au,0
Ne,B,0
Ne,Ba,0
Ne,Be,0
Ne,Bi,0
Ne,Bk,0
Ne,Br,0
Ne,C,0
Ne,Ca,0
Ne,Cd,0
Ne,Ce,0
Ne,Cl,0
Ne,Co,0
Ne,Cr,0
Ne,Cs,0
Ne,Cu,0
Ne,Dy,0
Ne,Er,0
Ne,Eu,0
Ne,F,0
Ne,Fe,0
Ne,Fr,0
Ne,Ga,0
Ne,Gd,0
Ne,Ge,0
Ne,H,0
Ne,He,0
Ne,Hf,0
Ne,Hg,0
Ne,Ho,0
Ne,I,0
Ne,In,0
Ne,Ir,0
Ne,K,0
Ne,La,0
Ne,Li,0
Ne,Lu,0
Ne,Mg,0
Ne,Mn,0
Ne,Mo,0
Ne,N,0
Ne,Na,0
Ne,Nb,0
Ne,Nd,0
Ne,Ne,1
Ne,Ni,0
Ne,O,0
Ne,Os,0
Ne,P,0
Ne,Pa,0
Ne,Pb,0
Ne,Pd,0
Ne,Pr,0
Ne,Pt,0
Ne,Ra,0
Ne,Rb,0
Ne,Re,0
Ne,Ru,0
Ne,S,0
Ne,Sb,0
Ne,Sc,0
Ne,Se,0
Ne,Si,0
Ne,Sm,0
Ne,Sn,0
Ne,Sr,0
Ne,Ta,0
Ne,Tb,0
Ne,Tc,0
Ne,Te,0
Ne,Th,0
Ne,Ti,0
Ne,Tl,0
Ne,Tm,0
Ne,U,0
Ne,V,0
Ne,W,0
Ne,Xe,0
Ne,Y,0
Ne,Yb,0
Ne,Zn,0
Ne,Zr,0
Ni,Ac,0
Ni,Ag,0
Ni,Al,0
Ni,Ar,0
Ni,As,0
Ni,Au,0
Ni,B,0
Ni,Ba,0
Ni,Be,0
Ni,Bi,0
Ni,Bk,0
Ni,Br,0
Ni,C,35
Ni,Ca,0
Ni,Cd,0
Ni,Ce,0
Ni,Cl,0
Ni,Co,0
Ni,Cr,0
Ni,Cs,0
Ni,Cu,0
Ni,Dy,0
Ni,Er,0
Ni,Eu,0
Ni,F,0
Ni,Fe,0
Ni,Fr,0
Ni,Ga,0
Ni,Gd,0
Ni,Ge,0
Ni,H,35
Ni,He,0
Ni,Hf,0
Ni,Hg,0
Ni,Ho,0
Ni,I,0
Ni,In,0
Ni,Ir,0
Ni,K,0
Ni,La,0
Ni,Li,0
Ni,Lu,0
Ni,Mg,0
Ni,Mn,0
Ni,Mo,0
Ni,N,35
Ni,Na,0
Ni,Nb,0
Ni,Nd,0
Ni,Ne,0
Ni,Ni,36
Ni,O,33
Ni,Os,0
Ni,P,0
Ni,Pa,0
Ni,Pb,0
Ni,Pd,0
Ni,Pr,0
Ni,Pt,0
Ni,Ra,0
Ni,Rb,0
Ni,Re,0
Ni,Ru,0
Ni,S,0
Ni,Sb,0
Ni,Sc,0
Ni,Se,0
Ni,Si,0
Ni,Sm,0
Ni,Sn,0
Ni,Sr,0
Ni,Ta,0
Ni,Tb,0
Ni,Tc,0
Ni,Te,0
Ni,Th,0
Ni,Ti,0
Ni,Tl,0
Ni,Tm,0
Ni,U,0
Ni,V,0
Ni,W,0
Ni,Xe,0
Ni,Y,0
Ni,Yb,0
Ni,Zn,0
Ni,Zr,0
O,Ac,2
O,Ag,2
O,Al,22
O,Ar,0
O,As,133
O,Au,5
O,B,191
O,Ba,0
O,Be,0
O,Bi,6
O,Bk,0
O,Br,13657
O,C,722122
O,Ca,54
O,Cd,0
O,Ce,0
O,Cl,30292
O,Co,69
O,Cr,2
O,Cs,0
O,Cu,12
O,Dy,0
O,Er,0
O,Eu,0
O,F,1226
O,Fe,188
O,Fr,0
O,Ga,4
O,Gd,9
O,Ge,0
O,H,722176
O,He,1
O,Hf,0
O,Hg,20
O,Ho,4
O,I,1250
O,In,3
O,Ir,0
O,K,130
O,La,0
O,Li,5
O,Lu,2
O,Mg,106
O,Mn,8
O,Mo,6
O,N,323148
O,Na,1817
O,Nb,0
O,Nd,0
O,Ne,0
O,Ni,33
O,O,722221
O,Os,0
O,P,14229
O,Pa,0
O,Pb,1
O,Pd,0
O,Pr,0
O,Pt,1
O,Ra,0
O,Rb,0
O,Re,0
O,Ru,2
O,S,54088
O,Sb,2
O,Sc,0
O,Se,88
O,Si,347
O,Sm,1
O,Sn,4
O,Sr,1
O,Ta,0
O,Tb,0
O,Tc,4
O,Te,2
O,Th,0
O,Ti,1
O,Tl,1
O,Tm,0
O,U,0
O,V,14
O,W,3
O,Xe,0
O,Y,0
O,Yb,0
O,Zn,27
O,Zr,0
Os,Ac,0
Os,Ag,0
Os,Al,0
Os,Ar,0
Os,As,0
Os,Au,0
Os,B,0
Os,Ba,0
Os,Be,0
Os,Bi,0
Os,Bk,0
Os,Br,0
Os,C,0
Os,Ca,0
Os,Cd,0
Os,Ce,0
Os,Cl,0
Os,Co,0
Os,Cr,0
Os,Cs,0
Os,Cu,0
Os,Dy,0
Os,Er,0
Os,Eu,0
Os,F,0
Os,Fe,0
Os,Fr,0
Os,Ga,0
Os,Gd,0
Os,Ge,0
Os,H,0
Os,He,0
Os,Hf,0
Os,Hg,0
Os,Ho,0
Os,I,0
Os,In,0
Os,Ir,0
Os,K,0
Os,La,0
Os,Li,0
Os,Lu,0
Os,Mg,0
Os,Mn,0
Os,Mo,0
Os,N,0
Os,Na,0
Os,Nb,0
Os,Nd,0
Os,Ne,0
Os,Ni,0
Os,O,0
Os,Os,1
Os,P,0
Os,Pa,0
Os,Pb,0
Os,Pd,0
Os,Pr,0
Os,Pt,0
Os,Ra,0
Os,Rb,0
Os,Re,0
Os,Ru,0
Os,S,0
Os,Sb,0
Os,Sc,0
Os,Se,0
Os,Si,0
Os,Sm,0
Os,Sn,0
Os,Sr,0
Os,Ta,0
Os,Tb,0
Os,Tc,0
Os,Te,0
Os,Th,0
Os,Ti,0
Os,Tl,0
Os,Tm,0
Os,U,0
Os,V,0
Os,W,0
Os,Xe,0
Os,Y,0
Os,Yb,0
Os,Zn,0
Os,Zr,0
P,Ac,0
P,Ag,0
P,Al,0
P,Ar,0
P,As,30
P,Au,2
P,B,0
P,Ba,0
P,Be,0
P,Bi,0
P,Bk,0
P,Br,50
P,C,14280
P,Ca,2
P,Cd,0
P,Ce,0
P,Cl,152
P,Co,48
P,Cr,0
P,Cs,0
P,Cu,1
P,Dy,0
P,Er,0
P,Eu,0
P,F,2
P,Fe,3
P,Fr,0
P,Ga,0
P,Gd,1
P,Ge,0
P,H,14303
P,He,0
P,Hf,0
P,Hg,0
P,Ho,1
P,I,7
P,In,0
P,Ir,0
P,K,5
P,La,0
P,Li,0
P,Lu,0
P,Mg,3
P,Mn,2
P,Mo,3
P,N,9466
P,Na,72
P,Nb,0
P,Nd,0
P,Ne,0
P,Ni,0
P,O,14229
P,Os,0
P,P,14305
P,Pa,0
P,Pb,0
P,Pd,0
P,Pr,0
P,Pt,0
P,Ra,0
P,Rb,0
P,Re,0
P,Ru,0
P,S,998
P,Sb,0
P,Sc,0
P,Se,5
P,Si,3
P,Sm,1
P,Sn,0
P,Sr,0
P,Ta,0
P,Tb,0
P,Tc,0
P,Te,0
P,Th,0
P,Ti,0
P,Tl,0
P,Tm,0
P,U,0
P,V,2
P,W,1
P,Xe,0
P,Y,0
P,Yb,0
P,Zn,0
P,Zr,0
Pa,Ac,0
Pa,Ag,0
Pa,Al,0
Pa,Ar,0
Pa,As,0
Pa,Au,0
Pa,B,0
Pa,Ba,0
Pa,Be,0
Pa,Bi,0
Pa,Bk,0
Pa,Br,0
Pa,C,0
Pa,Ca,0
Pa,Cd,0
Pa,Ce,0
Pa,Cl,0
Pa,Co,0
Pa,Cr,0
Pa,Cs,0
Pa,Cu,0
Pa,Dy,0
Pa,Er,0
Pa,Eu,0
Pa,F,0
Pa,Fe,0
Pa,Fr,0
Pa,Ga,0
Pa,Gd,0
Pa,Ge,0
Pa,H,0
Pa,He,0
Pa,Hf,0
Pa,Hg,0
Pa,Ho,0
Pa,I,0
Pa,In,0
Pa,Ir,0
Pa,K,0
Pa,La,0
Pa,Li,0
Pa,Lu,0
Pa,Mg,0
Pa,Mn,0
Pa,Mo,0
Pa,N,0
Pa,Na,0
Pa,Nb,0
Pa,Nd,0
Pa,Ne,0
Pa,Ni,0
Pa,O,0
Pa,Os,0
Pa,P,0
Pa,Pa,1
Pa,Pb,0
Pa,Pd,0
Pa,Pr,0
Pa,Pt,0
Pa,Ra,0
Pa,Rb,0
Pa,Re,0
Pa,Ru,0
Pa,S,0
Pa,Sb,0
Pa,Sc,0
Pa,Se,0
Pa,Si,0
Pa,Sm,0
Pa,Sn,0
Pa,Sr,0
Pa,Ta,0
Pa,Tb,0
Pa,Tc,0
Pa,Te,0
Pa,Th,0
Pa,Ti,0
Pa,Tl,0
Pa,Tm,0
Pa,U,0
Pa,V,0
Pa,W,0
Pa,Xe,0
Pa,Y,0
Pa,Yb,0
Pa,Zn,0
Pa,Zr,0
Pb,Ac,0
Pb,Ag,0
Pb,Al,0
Pb,Ar,0
Pb,As,0
Pb,Au,0
Pb,B,0
Pb,Ba,0
Pb,Be,0
Pb,Bi,0
Pb,Bk,0
Pb,Br,0
Pb,C,2
Pb,Ca,0
Pb,Cd,0
Pb,Ce,0
Pb,Cl,0
Pb,Co,0
Pb,Cr,0
Pb,Cs,0
Pb,Cu,0
Pb,Dy,0
Pb,Er,0
Pb,Eu,0
Pb,F,0
Pb,Fe,0
Pb,Fr,0
Pb,Ga,0
Pb,Gd,0
Pb,Ge,0
Pb,H,2
Pb,He,0
Pb,Hf,0
Pb,Hg,0
Pb,Ho,0
Pb,I,0
Pb,In,0
Pb,Ir,0
Pb,K,0
Pb,La,0
Pb,Li,0
Pb,Lu,0
Pb,Mg,0
Pb,Mn,0
Pb,Mo,0
Pb,N,0
Pb,Na,0
Pb,Nb,0
Pb,Nd,0
Pb,Ne,0
Pb,Ni,0
Pb,O,1
Pb,Os,0
Pb,P,0
Pb,Pa,0
Pb,Pb,4
Pb,Pd,0
Pb,Pr,0
Pb,Pt,0
Pb,Ra,0
Pb,Rb,0
Pb,Re,0
Pb,Ru,0
Pb,S,0
Pb,Sb,0
Pb,Sc,0
Pb,Se,0
Pb,Si,0
Pb,Sm,0
Pb,Sn,0
Pb,Sr,0
Pb,Ta,0
Pb,Tb,0
Pb,Tc,0
Pb,Te,0
Pb,Th,0
Pb,Ti,0
Pb,Tl,0
Pb,Tm,0
Pb,U,0
Pb,V,0
Pb,W,0
Pb,Xe,0
Pb,Y,0
Pb,Yb,0
Pb,Zn,0
Pb,Zr,0
Pd,Ac,0
Pd,Ag,0
Pd,Al,0
Pd,Ar,0
Pd,As,0
Pd,Au,0
Pd,B,0
Pd,Ba,0
Pd,Be,0
Pd,Bi,0
Pd,Bk,0
Pd,Br,0
Pd,C,0
Pd,Ca,0
Pd,Cd,0
Pd,Ce,0
Pd,Cl,0
Pd,Co,0
Pd,Cr,0
Pd,Cs,0
Pd,Cu,0
Pd,Dy,0
Pd,Er,0
Pd,Eu,0
Pd,F,0
Pd,Fe,0
Pd,Fr,0
Pd,Ga,0
Pd,Gd,0
Pd,Ge,0
Pd,H,0
Pd,He,0
Pd,Hf,0
Pd,Hg,0
Pd,Ho,0
Pd,I,0
Pd,In,0
Pd,Ir,0
Pd,K,0
Pd,La,0
Pd,Li,0
Pd,Lu,0
Pd,Mg,0
Pd,Mn,0
Pd,Mo,0
Pd,N,0
Pd,Na,0
Pd,Nb,0
Pd,Nd,0
Pd,Ne,0
Pd,Ni,0
Pd,O,0
Pd,Os,0
Pd,P,0
Pd,Pa,0
Pd,Pb,0
Pd,Pd,1
Pd,Pr,0
Pd,Pt,0
Pd,Ra,0
Pd,Rb,0
Pd,Re,0
Pd,Ru,0
Pd,S,0
Pd,Sb,0
Pd,Sc,0
Pd,Se,0
Pd,Si,0
Pd,Sm,0
Pd,Sn,0
Pd,Sr,0
Pd,Ta,0
Pd,Tb,0
Pd,Tc,0
Pd,Te,0
Pd,Th,0
Pd,Ti,0
Pd,Tl,0
Pd,Tm,0
Pd,U,0
Pd,V,0
Pd,W,0
Pd,Xe,0
Pd,Y,0
Pd,Yb,0
Pd,Zn,0
Pd,Zr,0
Pr,Ac,0
Pr,Ag,0
Pr,Al,0
Pr,Ar,0
Pr,As,0
Pr,Au,0
Pr,B,0
Pr,Ba,0
Pr,Be,0
Pr,Bi,0
Pr,Bk,0
Pr,Br,0
Pr,C,0
Pr,Ca,0
Pr,Cd,0
Pr,Ce,0
Pr,Cl,0
Pr,Co,0
Pr,Cr,0
Pr,Cs,0
Pr,Cu,0
Pr,Dy,0
Pr,Er,0
Pr,Eu,0
Pr,F,0
Pr,Fe,0
Pr,Fr,0
Pr,Ga,0
Pr,Gd,0
Pr,Ge,0
Pr,H,0
Pr,He,0
Pr,Hf,0
Pr,Hg,0
Pr,Ho,0
Pr,I,0
Pr,In,0
Pr,Ir,0
Pr,K,0
Pr,La,0
Pr,Li,0
Pr,Lu,0
Pr,Mg,0
Pr,Mn,0
Pr,Mo,0
Pr,N,0
Pr,Na,0
Pr,Nb,0
Pr,Nd,0
Pr,Ne,0
Pr,Ni,0
Pr,O,0
Pr,Os,0
Pr,P,0
Pr,Pa,0
Pr,Pb,0
Pr,Pd,0
Pr,Pr,1
Pr,Pt,0
Pr,Ra,0
Pr,Rb,0
Pr,Re,0
Pr,Ru,0
Pr,S,0
Pr,Sb,0
Pr,Sc,0
Pr,Se,0
Pr,Si,0
Pr,Sm,0
Pr,Sn,0
Pr,Sr,0
Pr,Ta,0
Pr,Tb,0
Pr,Tc,0
Pr,Te,0
Pr,Th,0
Pr,Ti,0
Pr,Tl,0
Pr,Tm,0
Pr,U,0
Pr,V,0
Pr,W,0
Pr,Xe,0
Pr,Y,0
Pr,Yb,0
Pr,Zn,0
Pr,Zr,0
Pt,Ac,0
Pt,Ag,0
Pt,Al,0
Pt,Ar,0
Pt,As,0
Pt,Au,0
Pt,B,0
Pt,Ba,0
Pt,Be,0
Pt,Bi,0
Pt,Bk,0
Pt,Br,0
Pt,C,2
Pt,Ca,0
Pt,Cd,0
Pt,Ce,0
Pt,Cl,2
Pt,Co,0
Pt,Cr,0
Pt,Cs,0
Pt,Cu,0
Pt,Dy,0
Pt,Er,0
Pt,Eu,0
Pt,F,0
Pt,Fe,0
Pt,Fr,0
Pt,Ga,0
Pt,Gd,0
Pt,Ge,0
Pt,H,3
Pt,He,0
Pt,Hf,0
Pt,Hg,0
Pt,Ho,0
Pt,I,0
Pt,In,0
Pt,Ir,0
Pt,K,0
Pt,La,0
Pt,Li,0
Pt,Lu,0
Pt,Mg,0
Pt,Mn,0
Pt,Mo,0
Pt,N,2
Pt,Na,0
Pt,Nb,0
Pt,Nd,0
Pt,Ne,0
Pt,Ni,0
Pt,O,1
Pt,Os,0
Pt,P,0
Pt,Pa,0
Pt,Pb,0
Pt,Pd,0
Pt,Pr,0
Pt,Pt,5
Pt,Ra,0
Pt,Rb,0
Pt,Re,0
Pt,Ru,0
Pt,S,0
Pt,Sb,0
Pt,Sc,0
Pt,Se,0
Pt,Si,0
Pt,Sm,0
Pt,Sn,0
Pt,Sr,0
Pt,Ta,0
Pt,Tb,0
Pt,Tc,0
Pt,Te,0
Pt,Th,0
Pt,Ti,0
Pt,Tl,0
Pt,Tm,0
Pt,U,0
Pt,V,0
Pt,W,0
Pt,Xe,0
Pt,Y,0
Pt,Yb,0
Pt,Zn,0
Pt,Zr,0
Ra,Ac,0
Ra,Ag,0
Ra,Al,0
Ra,Ar,0
Ra,As,0
Ra,Au,0
Ra,B,0
Ra,Ba,0
Ra,Be,0
Ra,Bi,0
Ra,Bk,0
Ra,Br,0
Ra,C,0
Ra,Ca,0
Ra,Cd,0
Ra,Ce,0
Ra,Cl,1
Ra,Co,0
Ra,Cr,0
Ra,Cs,0
Ra,Cu,0
Ra,Dy,0
Ra,Er,0
Ra,Eu,0
Ra,F,0
Ra,Fe,0
Ra,Fr,0
Ra,Ga,0
Ra,Gd,0
Ra,Ge,0
Ra,H,1
Ra,He,0
Ra,Hf,0
Ra,Hg,0
Ra,Ho,0
Ra,I,0
Ra,In,0
Ra,Ir,0
Ra,K,0
Ra,La,0
Ra,Li,0
Ra,Lu,0
Ra,Mg,0
Ra,Mn,0
Ra,Mo,0
Ra,N,0
Ra,Na,0
Ra,Nb,0
Ra,Nd,0
Ra,Ne,0
Ra,Ni,0
Ra,O,0
Ra,Os,0
Ra,P,0
Ra,Pa,0
Ra,Pb,0
Ra,Pd,0
Ra,Pr,0
Ra,Pt,0
Ra,Ra,2
Ra,Rb,0
Ra,Re,0
Ra,Ru,0
Ra,S,0
Ra,Sb,0
Ra,Sc,0
Ra,Se,0
Ra,Si,0
Ra,Sm,0
Ra,Sn,0
Ra,Sr,0
Ra,Ta,0
Ra,Tb,0
Ra,Tc,0
Ra,Te,0
Ra,Th,0
Ra,Ti,0
Ra,Tl,0
Ra,Tm,0
Ra,U,0
Ra,V,0
Ra,W,0
Ra,Xe,0
Ra,Y,0
Ra,Yb,0
Ra,Zn,0
Ra,Zr,0
Rb,Ac,0
Rb,Ag,0
Rb,Al,0
Rb,Ar,0
Rb,As,0
Rb,Au,0
Rb,B,0
Rb,Ba,0
Rb,Be,0
Rb,Bi,0
Rb,Bk,0
Rb,Br,0
Rb,C,0
Rb,Ca,0
Rb,Cd,0
Rb,Ce,0
Rb,Cl,1
Rb,Co,0
Rb,Cr,0
Rb,Cs,0
Rb,Cu,0
Rb,Dy,0
Rb,Er,0
Rb,Eu,0
Rb,F,0
Rb,Fe,0
Rb,Fr,0
Rb,Ga,0
Rb,Gd,0
Rb,Ge,0
Rb,H,0
Rb,He,0
Rb,Hf,0
Rb,Hg,0
Rb,Ho,0
Rb,I,0
Rb,In,0
Rb,Ir,0
Rb,K,0
Rb,La,0
Rb,Li,0
Rb,Lu,0
Rb,Mg,0
Rb,Mn,0
Rb,Mo,0
Rb,N,0
Rb,Na,0
Rb,Nb,0
Rb,Nd,0
Rb,Ne,0
Rb,Ni,0
Rb,O,0
Rb,Os,0
Rb,P,0
Rb,Pa,0
Rb,Pb,0
Rb,Pd,0
Rb,Pr,0
Rb,Pt,0
Rb,Ra,0
Rb,Rb,3
Rb,Re,0
Rb,Ru,0
Rb,S,0
Rb,Sb,0
Rb,Sc,0
Rb,Se,0
Rb,Si,0
Rb,Sm,0
Rb,Sn,0
Rb,Sr,0
Rb,Ta,0
Rb,Tb,0
Rb,Tc,0
Rb,Te,0
Rb,Th,0
Rb,Ti,0
Rb,Tl,0
Rb,Tm,0
Rb,U,0
Rb,V,0
Rb,W,0
Rb,Xe,0
Rb,Y,0
Rb,Yb,0
Rb,Zn,0
Rb,Zr,0
Re,Ac,0
Re,Ag,0
Re,Al,0
Re,Ar,0
Re,As,0
Re,Au,0
Re,B,0
Re,Ba,0
Re,Be,0
Re,Bi,0
Re,Bk,0
Re,Br,0
Re,C,0
Re,Ca,0
Re,Cd,0
Re,Ce,0
Re,Cl,0
Re,Co,0
Re,Cr,0
Re,Cs,0
Re,Cu,0
Re,Dy,0
Re,Er,0
Re,Eu,0
Re,F,0
Re,Fe,0
Re,Fr,0
Re,Ga,0
Re,Gd,0
Re,Ge,0
Re,H,0
Re,He,0
Re,Hf,0
Re,Hg,0
Re,Ho,0
Re,I,0
Re,In,0
Re,Ir,0
Re,K,0
Re,La,0
Re,Li,0
Re,Lu,0
Re,Mg,0
Re,Mn,0
Re,Mo,0
Re,N,0
Re,Na,0
Re,Nb,0
Re,Nd,0
Re,Ne,0
Re,Ni,0
Re,O,0
Re,Os,0
Re,P,0
Re,Pa,0
Re,Pb,0
Re,Pd,0
Re,Pr,0
Re,Pt,0
Re,Ra,0
Re,Rb,0
Re,Re,1
Re,Ru,0
Re,S,0
Re,Sb,0
Re,Sc,0
Re,Se,0
Re,Si,0
Re,Sm,0
Re,Sn,0
Re,Sr,0
Re,Ta,0
Re,Tb,0
Re,Tc,0
Re,Te,0
Re,Th,0
Re,Ti,0
Re,Tl,0
Re,Tm,0
Re,U,0
Re,V,0
Re,W,0
Re,Xe,0
Re,Y,0
Re,Yb,0
Re,Zn,0
Re,Zr,0
Ru,Ac,0
Ru,Ag,0
Ru,Al,0
Ru,Ar,0
Ru,As,0
Ru,Au,0
Ru,B,0
Ru,Ba,0
Ru,Be,0
Ru,Bi,0
Ru,Bk,0
Ru,Br,0
Ru,C,2
Ru,Ca,0
Ru,Cd,0
Ru,Ce,0
Ru,Cl,0
Ru,Co,0
Ru,Cr,0
Ru,Cs,0
Ru,Cu,0
Ru,Dy,0
Ru,Er,0
Ru,Eu,0
Ru,F,0
Ru,Fe,0
Ru,Fr,0
Ru,Ga,0
Ru,Gd,0
Ru,Ge,0
Ru,H,2
Ru,He,0
Ru,Hf,0
Ru,Hg,0
Ru,Ho,0
Ru,I,0
Ru,In,0
Ru,Ir,0
Ru,K,0
Ru,La,0
Ru,Li,0
Ru,Lu,0
Ru,Mg,0
Ru,Mn,0
Ru,Mo,0
Ru,N,2
Ru,Na,0
Ru,Nb,0
Ru,Nd,0
Ru,Ne,0
Ru,Ni,0
Ru,O,2
Ru,Os,0
Ru,P,0
Ru,Pa,0
Ru,Pb,0
Ru,Pd,0
Ru,Pr,0
Ru,Pt,0
Ru,Ra,0
Ru,Rb,0
Ru,Re,0
Ru,Ru,3
Ru,S,0
Ru,Sb,0
Ru,Sc,0
Ru,Se,0
Ru,Si,0
Ru,Sm,0
Ru,Sn,0
Ru,Sr,0
Ru,Ta,0
Ru,Tb,0
Ru,Tc,0
Ru,Te,0
Ru,Th,0
Ru,Ti,0
Ru,Tl,0
Ru,Tm,0
Ru,U,0
Ru,V,0
Ru,W,0
Ru,Xe,0
Ru,Y,0
Ru,Yb,0
Ru,Zn,0
Ru,Zr,0
S,Ac,1
S,Ag,0
S,Al,4
S,Ar,0
S,As,43
S,Au,5
S,B,29
S,Ba,0
S,Be,0
S,Bi,0
S,Bk,0
S,Br,1127
S,C,56598
S,Ca,4
S,Cd,1
S,Ce,0
S,Cl,3575
S,Co,3
S,Cr,0
S,Cs,0
S,Cu,4
S,Dy,0
S,Er,0
S,Eu,0
S,F,226
S,Fe,12
S,Fr,0
S,Ga,1
S,Gd,0
S,Ge,0
S,H,56611
S,He,0
S,Hf,0
S,Hg,7
S,Ho,0
S,I,97
S,In,1
S,Ir,0
S,K,66
S,La,0
S,Li,0
S,Lu,1
S,Mg,5
S,Mn,1
S,Mo,4
S,N,47961
S,Na,1463
S,Nb,0
S,Nd,0
S,Ne,0
S,Ni,0
S,O,54088
S,Os,0
S,P,998
S,Pa,0
S,Pb,0
S,Pd,0
S,Pr,0
S,Pt,0
S,Ra,0
S,Rb,0
S,Re,0
S,Ru,0
S,S,56626
S,Sb,0
S,Sc,0
S,Se,9
S,Si,12
S,Sm,0
S,Sn,0
S,Sr,1
S,Ta,0
S,Tb,0
S,Tc,0
S,Te,0
S,Th,0
S,Ti,0
S,Tl,0
S,Tm,0
S,U,0
S,V,1
S,W,1
S,Xe,0
S,Y,0
S,Yb,0
S,Zn,6
S,Zr,0
Sb,Ac,0
Sb,Ag,0
Sb,Al,0
Sb,Ar,0
Sb,As,0
Sb,Au,0
Sb,B,0
Sb,Ba,0
Sb,Be,0
Sb,Bi,0
Sb,Bk,0
Sb,Br,0
Sb,C,1
Sb,Ca,0
Sb,Cd,0
Sb,Ce,0
Sb,Cl,2
Sb,Co,0
Sb,Cr,0
Sb,Cs,0
Sb,Cu,0
Sb,Dy,0
Sb,Er,0
Sb,Eu,0
Sb,F,0
Sb,Fe,0
Sb,Fr,0
Sb,Ga,0
Sb,Gd,0
Sb,Ge,0
Sb,H,2
Sb,He,0
Sb,Hf,0
Sb,Hg,0
Sb,Ho,0
Sb,I,0
Sb,In,0
Sb,Ir,0
Sb,K,0
Sb,La,0
Sb,Li,0
Sb,Lu,0
Sb,Mg,0
Sb,Mn,0
Sb,Mo,0
Sb,N,0
Sb,Na,1
Sb,Nb,0
Sb,Nd,0
Sb,Ne,0
Sb,Ni,0
Sb,O,2
Sb,Os,0
Sb,P,0
Sb,Pa,0
Sb,Pb,0
Sb,Pd,0
Sb,Pr,0
Sb,Pt,0
Sb,Ra,0
Sb,Rb,0
Sb,Re,0
Sb,Ru,0
Sb,S,0
Sb,Sb,6
Sb,Sc,0
Sb,Se,0
Sb,Si,0
Sb,Sm,0
Sb,Sn,0
Sb,Sr,0
Sb,Ta,0
Sb,Tb,0
Sb,Tc,0
Sb,Te,0
Sb,Th,0
Sb,Ti,0
Sb,Tl,0
Sb,Tm,0
Sb,U,0
Sb,V,0
Sb,W,0
Sb,Xe,0
Sb,Y,0
Sb,Yb,0
Sb,Zn,0
Sb,Zr,0
Sc,Ac,0
Sc,Ag,0
Sc,Al,0
Sc,Ar,0
Sc,As,0
Sc,Au,0
Sc,B,0
Sc,Ba,0
Sc,Be,0
Sc,Bi,0
Sc,Bk,0
Sc,Br,0
Sc,C,0
Sc,Ca,0
Sc,Cd,0
Sc,Ce,0
Sc,Cl,0
Sc,Co,0
Sc,Cr,0
Sc,Cs,0
Sc,Cu,0
Sc,Dy,0
Sc,Er,0
Sc,Eu,0
Sc,F,0
Sc,Fe,0
Sc,Fr,0
Sc,Ga,0
Sc,Gd,0
Sc,Ge,0
Sc,H,0
Sc,He,0
Sc,Hf,0
Sc,Hg,0
Sc,Ho,0
Sc,I,0
Sc,In,0
Sc,Ir,0
Sc,K,0
Sc,La,0
Sc,Li,0
Sc,Lu,0
Sc,Mg,0
Sc,Mn,0
Sc,Mo,0
Sc,N,0
Sc,Na,0
Sc,Nb,0
Sc,Nd,0
Sc,Ne,0
Sc,Ni,0
Sc,O,0
Sc,Os,0
Sc,P,0
Sc,Pa,0
Sc,Pb,0
Sc,Pd,0
Sc,Pr,0
Sc,Pt,0
Sc,Ra,0
Sc,Rb,0
Sc,Re,0
Sc,Ru,0
Sc,S,0
Sc,Sb,0
Sc,Sc,1
Sc,Se,0
Sc,Si,0
Sc,Sm,0
Sc,Sn,0
Sc,Sr,0
Sc,Ta,0
Sc,Tb,0
Sc,Tc,0
Sc,Te,0
Sc,Th,0
Sc,Ti,0
Sc,Tl,0
Sc,Tm,0
Sc,U,0
Sc,V,0
Sc,W,0
Sc,Xe,0
Sc,Y,0
Sc,Yb,0
Sc,Zn,0
Sc,Zr,0
Se,Ac,0
Se,Ag,0
Se,Al,0
Se,Ar,0
Se,As,0
Se,Au,0
Se,B,0
Se,Ba,0
Se,Be,0
Se,Bi,0
Se,Bk,0
Se,Br,0
Se,C,98
Se,Ca,0
Se,Cd,0
Se,Ce,0
Se,Cl,0
Se,Co,0
Se,Cr,0
Se,Cs,0
Se,Cu,0
Se,Dy,0
Se,Er,0
Se,Eu,0
Se,F,0
Se,Fe,0
Se,Fr,0
Se,Ga,0
Se,Gd,0
Se,Ge,0
Se,H,104
Se,He,0
Se,Hf,0
Se,Hg,0
Se,Ho,0
Se,I,0
Se,In,0
Se,Ir,0
Se,K,0
Se,La,0
Se,Li,0
Se,Lu,0
Se,Mg,0
Se,Mn,0
Se,Mo,0
Se,N,79
Se,Na,0
Se,Nb,0
Se,Nd,0
Se,Ne,0
Se,Ni,0
Se,O,88
Se,Os,0
Se,P,5
Se,Pa,0
Se,Pb,0
Se,Pd,0
Se,Pr,0
Se,Pt,0
Se,Ra,0
Se,Rb,0
Se,Re,0
Se,Ru,0
Se,S,9
Se,Sb,0
Se,Sc,0
Se,Se,109
Se,Si,0
Se,Sm,0
Se,Sn,0
Se,Sr,0
Se,Ta,0
Se,Tb,0
Se,Tc,0
Se,Te,0
Se,Th,0
Se,Ti,0
Se,Tl,0
Se,Tm,0
Se,U,0
Se,V,0
Se,W,0
Se,Xe,0
Se,Y,0
Se,Yb,0
Se,Zn,0
Se,Zr,0
Si,Ac,0
Si,Ag,0
Si,Al,0
Si,Ar,0
Si,As,2
Si,Au,0
Si,B,0
Si,Ba,0
Si,Be,0
Si,Bi,0
Si,Bk,0
Si,Br,2
Si,C,371
Si,Ca,0
Si,Cd,0
Si,Ce,0
Si,Cl,16
Si,Co,0
Si,Cr,0
Si,Cs,0
Si,Cu,0
Si,Dy,0
Si,Er,0
Si,Eu,0
Si,F,1
Si,Fe,0
Si,Fr,0
Si,Ga,0
Si,Gd,0
Si,Ge,0
Si,H,378
Si,He,0
Si,Hf,0
Si,Hg,0
Si,Ho,0
Si,I,1
Si,In,0
Si,Ir,0
Si,K,0
Si,La,0
Si,Li,0
Si,Lu,0
Si,Mg,0
Si,Mn,0
Si,Mo,0
Si,N,80
Si,Na,0
Si,Nb,0
Si,Nd,0
Si,Ne,0
Si,Ni,0
Si,O,347
Si,Os,0
Si,P,3
Si,Pa,0
Si,Pb,0
Si,Pd,0
Si,Pr,0
Si,Pt,0
Si,Ra,0
Si,Rb,0
Si,Re,0
Si,Ru,0
Si,S,12
Si,Sb,0
Si,Sc,0
Si,Se,0
Si,Si,380
Si,Sm,0
Si,Sn,0
Si,Sr,0
Si,Ta,0
Si,Tb,0
Si,Tc,0
Si,Te,0
Si,Th,0
Si,Ti,0
Si,Tl,0
Si,Tm,0
Si,U,0
Si,V,0
Si,W,0
Si,Xe,0
Si,Y,0
Si,Yb,0
Si,Zn,0
Si,Zr,0
Sm,Ac,0
Sm,Ag,0
Sm,Al,0
Sm,Ar,0
Sm,As,0
Sm,Au,0
Sm,B,0
Sm,Ba,0
Sm,Be,0
Sm,Bi,0
Sm,Bk,0
Sm,Br,0
Sm,C,1
Sm,Ca,0
Sm,Cd,0
Sm,Ce,0
Sm,Cl,0
Sm,Co,0
Sm,Cr,0
Sm,Cs,0
Sm,Cu,0
Sm,Dy,0
Sm,Er,0
Sm,Eu,0
Sm,F,0
Sm,Fe,0
Sm,Fr,0
Sm,Ga,0
Sm,Gd,0
Sm,Ge,0
Sm,H,1
Sm,He,0
Sm,Hf,0
Sm,Hg,0
Sm,Ho,0
Sm,I,0
Sm,In,0
Sm,Ir,0
Sm,K,0
Sm,La,0
Sm,Li,0
Sm,Lu,0
Sm,Mg,0
Sm,Mn,0
Sm,Mo,0
Sm,N,1
Sm,Na,0
Sm,Nb,0
Sm,Nd,0
Sm,Ne,0
Sm,Ni,0
Sm,O,1
Sm,Os,0
Sm,P,1
Sm,Pa,0
Sm,Pb,0
Sm,Pd,0
Sm,Pr,0
Sm,Pt,0
Sm,Ra,0
Sm,Rb,0
Sm,Re,0
Sm,Ru,0
Sm,S,0
Sm,Sb,0
Sm,Sc,0
Sm,Se,0
Sm,Si,0
Sm,Sm,3
Sm,Sn,0
Sm,Sr,0
Sm,Ta,0
Sm,Tb,0
Sm,Tc,0
Sm,Te,0
Sm,Th,0
Sm,Ti,0
Sm,Tl,0
Sm,Tm,0
Sm,U,0
Sm,V,0
Sm,W,0
Sm,Xe,0
Sm,Y,0
Sm,Yb,0
Sm,Zn,0
Sm,Zr,0
Sn,Ac,0
Sn,Ag,0
Sn,Al,0
Sn,Ar,0
Sn,As,0
Sn,Au,0
Sn,B,0
Sn,Ba,0
Sn,Be,0
Sn,Bi,0
Sn,Bk,0
Sn,Br,0
Sn,C,5
Sn,Ca,0
Sn,Cd,0
Sn,Ce,0
Sn,Cl,5
Sn,Co,0
Sn,Cr,0
Sn,Cs,0
Sn,Cu,0
Sn,Dy,0
Sn,Er,0
Sn,Eu,0
Sn,F,0
Sn,Fe,0
Sn,Fr,0
Sn,Ga,0
Sn,Gd,0
Sn,Ge,0
Sn,H,6
Sn,He,0
Sn,Hf,0
Sn,Hg,0
Sn,Ho,0
Sn,I,0
Sn,In,0
Sn,Ir,0
Sn,K,0
Sn,La,0
Sn,Li,0
Sn,Lu,0
Sn,Mg,0
Sn,Mn,0
Sn,Mo,0
Sn,N,3
Sn,Na,0
Sn,Nb,0
Sn,Nd,0
Sn,Ne,0
Sn,Ni,0
Sn,O,4
Sn,Os,0
Sn,P,0
Sn,Pa,0
Sn,Pb,0
Sn,Pd,0
Sn,Pr,0
Sn,Pt,0
Sn,Ra,0
Sn,Rb,0
Sn,Re,0
Sn,Ru,0
Sn,S,0
Sn,Sb,0
Sn,Sc,0
Sn,Se,0
Sn,Si,0
Sn,Sm,0
Sn,Sn,9
Sn,Sr,0
Sn,Ta,0
Sn,Tb,0
Sn,Tc,0
Sn,Te,0
Sn,Th,0
Sn,Ti,0
Sn,Tl,0
Sn,Tm,0
Sn,U,0
Sn,V,0
Sn,W,0
Sn,Xe,0
Sn,Y,0
Sn,Yb,0
Sn,Zn,0
Sn,Zr,0
Sr,Ac,0
Sr,Ag,0
Sr,Al,0
Sr,Ar,0
Sr,As,0
Sr,Au,0
Sr,B,0
Sr,Ba,0
Sr,Be,0
Sr,Bi,0
Sr,Bk,0
Sr,Br,0
Sr,C,2
Sr,Ca,0
Sr,Cd,0
Sr,Ce,0
Sr,Cl,1
Sr,Co,0
Sr,Cr,0
Sr,Cs,0
Sr,Cu,0
Sr,Dy,0
Sr,Er,0
Sr,Eu,0
Sr,F,0
Sr,Fe,0
Sr,Fr,0
Sr,Ga,0
Sr,Gd,0
Sr,Ge,0
Sr,H,2
Sr,He,0
Sr,Hf,0
Sr,Hg,0
Sr,Ho,0
Sr,I,0
Sr,In,0
Sr,Ir,0
Sr,K,0
Sr,La,0
Sr,Li,0
Sr,Lu,0
Sr,Mg,0
Sr,Mn,0
Sr,Mo,0
Sr,N,1
Sr,Na,0
Sr,Nb,0
Sr,Nd,0
Sr,Ne,0
Sr,Ni,0
Sr,O,1
Sr,Os,0
Sr,P,0
Sr,Pa,0
Sr,Pb,0
Sr,Pd,0
Sr,Pr,0
Sr,Pt,0
Sr,Ra,0
Sr,Rb,0
Sr,Re,0
Sr,Ru,0
Sr,S,1
Sr,Sb,0
Sr,Sc,0
Sr,Se,0
Sr,Si,0
Sr,Sm,0
Sr,Sn,0
Sr,Sr,5
Sr,Ta,0
Sr,Tb,0
Sr,Tc,0
Sr,Te,0
Sr,Th,0
Sr,Ti,0
Sr,Tl,0
Sr,Tm,0
Sr,U,0
Sr,V,0
Sr,W,0
Sr,Xe,0
Sr,Y,0
Sr,Yb,0
Sr,Zn,0
Sr,Zr,0
Ta,Ac,0
Ta,Ag,0
Ta,Al,0
Ta,Ar,0
Ta,As,0
Ta,Au,0
Ta,B,0
Ta,Ba,0
Ta,Be,0
Ta,Bi,0
Ta,Bk,0
Ta,Br,0
Ta,C,0
Ta,Ca,0
Ta,Cd,0
Ta,Ce,0
Ta,Cl,0
Ta,Co,0
Ta,Cr,0
Ta,Cs,0
Ta,Cu,0
Ta,Dy,0
Ta,Er,0
Ta,Eu,0
Ta,F,0
Ta,Fe,0
Ta,Fr,0
Ta,Ga,0
Ta,Gd,0
Ta,Ge,0
Ta,H,0
Ta,He,0
Ta,Hf,0
Ta,Hg,0
Ta,Ho,0
Ta,I,0
Ta,In,0
Ta,Ir,0
Ta,K,0
Ta,La,0
Ta,Li,0
Ta,Lu,0
Ta,Mg,0
Ta,Mn,0
Ta,Mo,0
Ta,N,0
Ta,Na,0
Ta,Nb,0
Ta,Nd,0
Ta,Ne,0
Ta,Ni,0
Ta,O,0
Ta,Os,0
Ta,P,0
Ta,Pa,0
Ta,Pb,0
Ta,Pd,0
Ta,Pr,0
Ta,Pt,0
Ta,Ra,0
Ta,Rb,0
Ta,Re,0
Ta,Ru,0
Ta,S,0
Ta,Sb,0
Ta,Sc,0
Ta,Se,0
Ta,Si,0
Ta,Sm,0
Ta,Sn,0
Ta,Sr,0
Ta,Ta,1
Ta,Tb,0
Ta,Tc,0
Ta,Te,0
Ta,Th,0
Ta,Ti,0
Ta,Tl,0
Ta,Tm,0
Ta,U,0
Ta,V,0
Ta,W,0
Ta,Xe,0
Ta,Y,0
Ta,Yb,0
Ta,Zn,0
Ta,Zr,0
Tb,Ac,0
Tb,Ag,0
Tb,Al,0
Tb,Ar,0
Tb,As,0
Tb,Au,0
Tb,B,0
Tb,Ba,0
Tb,Be,0
Tb,Bi,0
Tb,Bk,0
Tb,Br,0
Tb,C,0
Tb,Ca,0
Tb,Cd,0
Tb,Ce,0
Tb,Cl,0
Tb,Co,0
Tb,Cr,0
Tb,Cs,0
Tb,Cu,0
Tb,Dy,0
Tb,Er,0
Tb,Eu,0
Tb,F,0
Tb,Fe,0
Tb,Fr,0
Tb,Ga,0
Tb,Gd,0
Tb,Ge,0
Tb,H,0
Tb,He,0
Tb,Hf,0
Tb,Hg,0
Tb,Ho,0
Tb,I,0
Tb,In,0
Tb,Ir,0
Tb,K,0
Tb,La,0
Tb,Li,0
Tb,Lu,0
Tb,Mg,0
Tb,Mn,0
Tb,Mo,0
Tb,N,0
Tb,Na,0
Tb,Nb,0
Tb,Nd,0
Tb,Ne,0
Tb,Ni,0
Tb,O,0
Tb,Os,0
Tb,P,0
Tb,Pa,0
Tb,Pb,0
Tb,Pd,0
Tb,Pr,0
Tb,Pt,0
Tb,Ra,0
Tb,Rb,0
Tb,Re,0
Tb,Ru,0
Tb,S,0
Tb,Sb,0
Tb,Sc,0
Tb,Se,0
Tb,Si,0
Tb,Sm,0
Tb,Sn,0
Tb,Sr,0
Tb,Ta,0
Tb,Tb,1
Tb,Tc,0
Tb,Te,0
Tb,Th,0
Tb,Ti,0
Tb,Tl,0
Tb,Tm,0
Tb,U,0
Tb,V,0
Tb,W,0
Tb,Xe,0
Tb,Y,0
Tb,Yb,0
Tb,Zn,0
Tb,Zr,0
Tc,Ac,0
Tc,Ag,0
Tc,Al,0
Tc,Ar,0
Tc,As,0
Tc,Au,0
Tc,B,0
Tc,Ba,0
Tc,Be,0
Tc,Bi,0
Tc,Bk,0
Tc,Br,1
Tc,C,4
Tc,Ca,0
Tc,Cd,0
Tc,Ce,0
Tc,Cl,0
Tc,Co,0
Tc,Cr,0
Tc,Cs,0
Tc,Cu,0
Tc,Dy,0
Tc,Er,0
Tc,Eu,0
Tc,F,0
Tc,Fe,0
Tc,Fr,0
Tc,Ga,0
Tc,Gd,0
Tc,Ge,0
Tc,H,4
Tc,He,0
Tc,Hf,0
Tc,Hg,0
Tc,Ho,0
Tc,I,0
Tc,In,0
Tc,Ir,0
Tc,K,0
Tc,La,0
Tc,Li,0
Tc,Lu,0
Tc,Mg,0
Tc,Mn,0
Tc,Mo,0
Tc,N,4
Tc,Na,0
Tc,Nb,0
Tc,Nd,0
Tc,Ne,0
Tc,Ni,0
Tc,O,4
Tc,Os,0
Tc,P,0
Tc,Pa,0
Tc,Pb,0
Tc,Pd,0
Tc,Pr,0
Tc,Pt,0
Tc,Ra,0
Tc,Rb,0
Tc,Re,0
Tc,Ru,0
Tc,S,0
Tc,Sb,0
Tc,Sc,0
Tc,Se,0
Tc,Si,0
Tc,Sm,0
Tc,Sn,0
Tc,Sr,0
Tc,Ta,0
Tc,Tb,0
Tc,Tc,5
Tc,Te,0
Tc,Th,0
Tc,Ti,0
Tc,Tl,0
Tc,Tm,0
Tc,U,0
Tc,V,0
Tc,W,0
Tc,Xe,0
Tc,Y,0
Tc,Yb,0
Tc,Zn,0
Tc,Zr,0
Te,Ac,0
Te,Ag,0
Te,Al,0
Te,Ar,0
Te,As,0
Te,Au,0
Te,B,0
Te,Ba,0
Te,Be,0
Te,Bi,0
Te,Bk,0
Te,Br,0
Te,C,2
Te,Ca,0
Te,Cd,0
Te,Ce,0
Te,Cl,0
Te,Co,0
Te,Cr,0
Te,Cs,0
Te,Cu,0
Te,Dy,0
Te,Er,0
Te,Eu,0
Te,F,0
Te,Fe,0
Te,Fr,0
Te,Ga,0
Te,Gd,0
Te,Ge,0
Te,H,3
Te,He,0
Te,Hf,0
Te,Hg,0
Te,Ho,0
Te,I,0
Te,In,0
Te,Ir,0
Te,K,0
Te,La,0
Te,Li,0
Te,Lu,0
Te,Mg,0
Te,Mn,0
Te,Mo,0
Te,N,0
Te,Na,0
Te,Nb,0
Te,Nd,0
Te,Ne,0
Te,Ni,0
Te,O,2
Te,Os,0
Te,P,0
Te,Pa,0
Te,Pb,0
Te,Pd,0
Te,Pr,0
Te,Pt,0
Te,Ra,0
Te,Rb,0
Te,Re,0
Te,Ru,0
Te,S,0
Te,Sb,0
Te,Sc,0
Te,Se,0
Te,Si,0
Te,Sm,0
Te,Sn,0
Te,Sr,0
Te,Ta,0
Te,Tb,0
Te,Tc,0
Te,Te,5
Te,Th,0
Te,Ti,0
Te,Tl,0
Te,Tm,0
Te,U,0
Te,V,0
Te,W,0
Te,Xe,0
Te,Y,0
Te,Yb,0
Te,Zn,0
Te,Zr,0
Th,Ac,0
Th,Ag,0
Th,Al,0
Th,Ar,0
Th,As,0
Th,Au,0
Th,B,0
Th,Ba,0
Th,Be,0
Th,Bi,0
Th,Bk,0
Th,Br,0
Th,C,0
Th,Ca,0
Th,Cd,0
Th,Ce,0
Th,Cl,0
Th,Co,0
Th,Cr,0
Th,Cs,0
Th,Cu,0
Th,Dy,0
Th,Er,0
Th,Eu,0
Th,F,0
Th,Fe,0
Th,Fr,0
Th,Ga,0
Th,Gd,0
Th,Ge,0
Th,H,0
Th,He,0
Th,Hf,0
Th,Hg,0
Th,Ho,0
Th,I,0
Th,In,0
Th,Ir,0
Th,K,0
Th,La,0
Th,Li,0
Th,Lu,0
Th,Mg,0
Th,Mn,0
Th,Mo,0
Th,N,0
Th,Na,0
Th,Nb,0
Th,Nd,0
Th,Ne,0
Th,Ni,0
Th,O,0
Th,Os,0
Th,P,0
Th,Pa,0
Th,Pb,0
Th,Pd,0
Th,Pr,0
Th,Pt,0
Th,Ra,0
Th,Rb,0
Th,Re,0
Th,Ru,0
Th,S,0
Th,Sb,0
Th,Sc,0
Th,Se,0
Th,Si,0
Th,Sm,0
Th,Sn,0
Th,Sr,0
Th,Ta,0
Th,Tb,0
Th,Tc,0
Th,Te,0
Th,Th,1
Th,Ti,0
Th,Tl,0
Th,Tm,0
Th,U,0
Th,V,0
Th,W,0
Th,Xe,0
Th,Y,0
Th,Yb,0
Th,Zn,0
Th,Zr,0
Ti,Ac,0
Ti,Ag,0
Ti,Al,0
Ti,Ar,0
Ti,As,0
Ti,Au,0
Ti,B,0
Ti,Ba,0
Ti,Be,0
Ti,Bi,0
Ti,Bk,0
Ti,Br,0
Ti,C,0
Ti,Ca,0
Ti,Cd,0
Ti,Ce,0
Ti,Cl,0
Ti,Co,0
Ti,Cr,0
Ti,Cs,0
Ti,Cu,0
Ti,Dy,0
Ti,Er,0
Ti,Eu,0
Ti,F,0
Ti,Fe,0
Ti,Fr,0
Ti,Ga,0
Ti,Gd,0
Ti,Ge,0
Ti,H,0
Ti,He,0
Ti,Hf,0
Ti,Hg,0
Ti,Ho,0
Ti,I,0
Ti,In,0
Ti,Ir,0
Ti,K,0
Ti,La,0
Ti,Li,0
Ti,Lu,0
Ti,Mg,0
Ti,Mn,0
Ti,Mo,0
Ti,N,0
Ti,Na,0
Ti,Nb,0
Ti,Nd,0
Ti,Ne,0
Ti,Ni,0
Ti,O,1
Ti,Os,0
Ti,P,0
Ti,Pa,0
Ti,Pb,0
Ti,Pd,0
Ti,Pr,0
Ti,Pt,0
Ti,Ra,0
Ti,Rb,0
Ti,Re,0
Ti,Ru,0
Ti,S,0
Ti,Sb,0
Ti,Sc,0
Ti,Se,0
Ti,Si,0
Ti,Sm,0
Ti,Sn,0
Ti,Sr,0
Ti,Ta,0
Ti,Tb,0
Ti,Tc,0
Ti,Te,0
Ti,Th,0
Ti,Ti,2
Ti,Tl,0
Ti,Tm,0
Ti,U,0
Ti,V,0
Ti,W,0
Ti,Xe,0
Ti,Y,0
Ti,Yb,0
Ti,Zn,0
Ti,Zr,0
Tl,Ac,0
Tl,Ag,0
Tl,Al,0
Tl,Ar,0
Tl,As,0
Tl,Au,0
Tl,B,0
Tl,Ba,0
Tl,Be,0
Tl,Bi,0
Tl,Bk,0
Tl,Br,0
Tl,C,1
Tl,Ca,0
Tl,Cd,0
Tl,Ce,0
Tl,Cl,1
Tl,Co,0
Tl,Cr,0
Tl,Cs,0
Tl,Cu,0
Tl,Dy,0
Tl,Er,0
Tl,Eu,0
Tl,F,0
Tl,Fe,0
Tl,Fr,0
Tl,Ga,0
Tl,Gd,0
Tl,Ge,0
Tl,H,2
Tl,He,0
Tl,Hf,0
Tl,Hg,0
Tl,Ho,0
Tl,I,0
Tl,In,0
Tl,Ir,0
Tl,K,0
Tl,La,0
Tl,Li,0
Tl,Lu,0
Tl,Mg,0
Tl,Mn,0
Tl,Mo,0
Tl,N,0
Tl,Na,0
Tl,Nb,0
Tl,Nd,0
Tl,Ne,0
Tl,Ni,0
Tl,O,1
Tl,Os,0
Tl,P,0
Tl,Pa,0
Tl,Pb,0
Tl,Pd,0
Tl,Pr,0
Tl,Pt,0
Tl,Ra,0
Tl,Rb,0
Tl,Re,0
Tl,Ru,0
Tl,S,0
Tl,Sb,0
Tl,Sc,0
Tl,Se,0
Tl,Si,0
Tl,Sm,0
Tl,Sn,0
Tl,Sr,0
Tl,Ta,0
Tl,Tb,0
Tl,Tc,0
Tl,Te,0
Tl,Th,0
Tl,Ti,0
Tl,Tl,3
Tl,Tm,0
Tl,U,0
Tl,V,0
Tl,W,0
Tl,Xe,0
Tl,Y,0
Tl,Yb,0
Tl,Zn,0
Tl,Zr,0
Tm,Ac,0
Tm,Ag,0
Tm,Al,0
Tm,Ar,0
Tm,As,0
Tm,Au,0
Tm,B,0
Tm,Ba,0
Tm,Be,0
Tm,Bi,0
Tm,Bk,0
Tm,Br,0
Tm,C,0
Tm,Ca,0
Tm,Cd,0
Tm,Ce,0
Tm,Cl,0
Tm,Co,0
Tm,Cr,0
Tm,Cs,0
Tm,Cu,0
Tm,Dy,0
Tm,Er,0
Tm,Eu,0
Tm,F,0
Tm,Fe,0
Tm,Fr,0
Tm,Ga,0
Tm,Gd,0
Tm,Ge,0
Tm,H,0
Tm,He,0
Tm,Hf,0
Tm,Hg,0
Tm,Ho,0
Tm,I,0
Tm,In,0
Tm,Ir,0
Tm,K,0
Tm,La,0
Tm,Li,0
Tm,Lu,0
Tm,Mg,0
Tm,Mn,0
Tm,Mo,0
Tm,N,0
Tm,Na,0
Tm,Nb,0
Tm,Nd,0
Tm,Ne,0
Tm,Ni,0
Tm,O,0
Tm,Os,0
Tm,P,0
Tm,Pa,0
Tm,Pb,0
Tm,Pd,0
Tm,Pr,0
Tm,Pt,0
Tm,Ra,0
Tm,Rb,0
Tm,Re,0
Tm,Ru,0
Tm,S,0
Tm,Sb,0
Tm,Sc,0
Tm,Se,0
Tm,Si,0
Tm,Sm,0
Tm,Sn,0
Tm,Sr,0
Tm,Ta,0
Tm,Tb,0
Tm,Tc,0
Tm,Te,0
Tm,Th,0
Tm,Ti,0
Tm,Tl,0
Tm,Tm,1
Tm,U,0
Tm,V,0
Tm,W,0
Tm,Xe,0
Tm,Y,0
Tm,Yb,0
Tm,Zn,0
Tm,Zr,0
U,Ac,0
U,Ag,0
U,Al,0
U,Ar,0
U,As,0
U,Au,0
U,B,0
U,Ba,0
U,Be,0
U,Bi,0
U,Bk,0
U,Br,0
U,C,0
U,Ca,0
U,Cd,0
U,Ce,0
U,Cl,0
U,Co,0
U,Cr,0
U,Cs,0
U,Cu,0
U,Dy,0
U,Er,0
U,Eu,0
U,F,0
U,Fe,0
U,Fr,0
U,Ga,0
U,Gd,0
U,Ge,0
U,H,0
U,He,0
U,Hf,0
U,Hg,0
U,Ho,0
U,I,0
U,In,0
U,Ir,0
U,K,0
U,La,0
U,Li,0
U,Lu,0
U,Mg,0
U,Mn,0
U,Mo,0
U,N,0
U,Na,0
U,Nb,0
U,Nd,0
U,Ne,0
U,Ni,0
U,O,0
U,Os,0
U,P,0
U,Pa,0
U,Pb,0
U,Pd,0
U,Pr,0
U,Pt,0
U,Ra,0
U,Rb,0
U,Re,0
U,Ru,0
U,S,0
U,Sb,0
U,Sc,0
U,Se,0
U,Si,0
U,Sm,0
U,Sn,0
U,Sr,0
U,Ta,0
U,Tb,0
U,Tc,0
U,Te,0
U,Th,0
U,Ti,0
U,Tl,0
U,Tm,0
U,U,1
U,V,0
U,W,0
U,Xe,0
U,Y,0
U,Yb,0
U,Zn,0
U,Zr,0
V,Ac,0
V,Ag,0
V,Al,0
V,Ar,0
V,As,0
V,Au,0
V,B,0
V,Ba,0
V,Be,0
V,Bi,0
V,Bk,0
V,Br,0
V,C,11
V,Ca,0
V,Cd,0
V,Ce,0
V,Cl,0
V,Co,0
V,Cr,0
V,Cs,0
V,Cu,0
V,Dy,0
V,Er,0
V,Eu,0
V,F,0
V,Fe,0
V,Fr,0
V,Ga,0
V,Gd,0
V,Ge,0
V,H,13
V,He,0
V,Hf,0
V,Hg,0
V,Ho,0
V,I,0
V,In,0
V,Ir,0
V,K,0
V,La,0
V,Li,0
V,Lu,0
V,Mg,0
V,Mn,0
V,Mo,0
V,N,4
V,Na,0
V,Nb,0
V,Nd,0
V,Ne,0
V,Ni,0
V,O,14
V,Os,0
V,P,2
V,Pa,0
V,Pb,0
V,Pd,0
V,Pr,0
V,Pt,0
V,Ra,0
V,Rb,0
V,Re,0
V,Ru,0
V,S,1
V,Sb,0
V,Sc,0
V,Se,0
V,Si,0
V,Sm,0
V,Sn,0
V,Sr,0
V,Ta,0
V,Tb,0
V,Tc,0
V,Te,0
V,Th,0
V,Ti,0
V,Tl,0
V,Tm,0
V,U,0
V,V,15
V,W,0
V,Xe,0
V,Y,0
V,Yb,0
V,Zn,0
V,Zr,0
W,Ac,0
W,Ag,0
W,Al,0
W,Ar,0
W,As,0
W,Au,0
W,B,0
W,Ba,0
W,Be,0
W,Bi,0
W,Bk,0
W,Br,0
W,C,3
W,Ca,0
W,Cd,0
W,Ce,0
W,Cl,0
W,Co,0
W,Cr,0
W,Cs,0
W,Cu,0
W,Dy,0
W,Er,0
W,Eu,0
W,F,0
W,Fe,0
W,Fr,0
W,Ga,0
W,Gd,0
W,Ge,0
W,H,3
W,He,0
W,Hf,0
W,Hg,0
W,Ho,0
W,I,0
W,In,0
W,Ir,0
W,K,0
W,La,0
W,Li,0
W,Lu,0
W,Mg,1
W,Mn,0
W,Mo,0
W,N,3
W,Na,0
W,Nb,0
W,Nd,0
W,Ne,0
W,Ni,0
W,O,3
W,Os,0
W,P,1
W,Pa,0
W,Pb,0
W,Pd,0
W,Pr,0
W,Pt,0
W,Ra,0
W,Rb,0
W,Re,0
W,Ru,0
W,S,1
W,Sb,0
W,Sc,0
W,Se,0
W,Si,0
W,Sm,0
W,Sn,0
W,Sr,0
W,Ta,0
W,Tb,0
W,Tc,0
W,Te,0
W,Th,0
W,Ti,0
W,Tl,0
W,Tm,0
W,U,0
W,V,0
W,W,4
W,Xe,0
W,Y,0
W,Yb,0
W,Zn,0
W,Zr,0
Xe,Ac,0
Xe,Ag,0
Xe,Al,0
Xe,Ar,0
Xe,As,0
Xe,Au,0
Xe,B,0
Xe,Ba,0
Xe,Be,0
Xe,Bi,0
Xe,Bk,0
Xe,Br,0
Xe,C,0
Xe,Ca,0
Xe,Cd,0
Xe,Ce,0
Xe,Cl,0
Xe,Co,0
Xe,Cr,0
Xe,Cs,0
Xe,Cu,0
Xe,Dy,0
Xe,Er,0
Xe,Eu,0
Xe,F,0
Xe,Fe,0
Xe,Fr,0
Xe,Ga,0
Xe,Gd,0
Xe,Ge,0
Xe,H,0
Xe,He,0
Xe,Hf,0
Xe,Hg,0
Xe,Ho,0
Xe,I,0
Xe,In,0
Xe,Ir,0
Xe,K,0
Xe,La,0
Xe,Li,0
Xe,Lu,0
Xe,Mg,0
Xe,Mn,0
Xe,Mo,0
Xe,N,0
Xe,Na,0
Xe,Nb,0
Xe,Nd,0
Xe,Ne,0
Xe,Ni,0
Xe,O,0
Xe,Os,0
Xe,P,0
Xe,Pa,0
Xe,Pb,0
Xe,Pd,0
Xe,Pr,0
Xe,Pt,0
Xe,Ra,0
Xe,Rb,0
Xe,Re,0
Xe,Ru,0
Xe,S,0
Xe,Sb,0
Xe,Sc,0
Xe,Se,0
Xe,Si,0
Xe,Sm,0
Xe,Sn,0
Xe,Sr,0
Xe,Ta,0
Xe,Tb,0
Xe,Tc,0
Xe,Te,0
Xe,Th,0
Xe,Ti,0
Xe,Tl,0
Xe,Tm,0
Xe,U,0
Xe,V,0
Xe,W,0
Xe,Xe,1
Xe,Y,0
Xe,Yb,0
Xe,Zn,0
Xe,Zr,0
Y,Ac,0
Y,Ag,0
Y,Al,0
Y,Ar,0
Y,As,0
Y,Au,0
Y,B,0
Y,Ba,0
Y,Be,0
Y,Bi,0
Y,Bk,0
Y,Br,0
Y,C,0
Y,Ca,0
Y,Cd,0
Y,Ce,0
Y,Cl,0
Y,Co,0
Y,Cr,0
Y,Cs,0
Y,Cu,0
Y,Dy,0
Y,Er,0
Y,Eu,0
Y,F,0
Y,Fe,0
Y,Fr,0
Y,Ga,0
Y,Gd,0
Y,Ge,0
Y,H,0
Y,He,0
Y,Hf,0
Y,Hg,0
Y,Ho,0
Y,I,0
Y,In,0
Y,Ir,0
Y,K,0
Y,La,0
Y,Li,0
Y,Lu,0
Y,Mg,0
Y,Mn,0
Y,Mo,0
Y,N,0
Y,Na,0
Y,Nb,0
Y,Nd,0
Y,Ne,0
Y,Ni,0
Y,O,0
Y,Os,0
Y,P,0
Y,Pa,0
Y,Pb,0
Y,Pd,0
Y,Pr,0
Y,Pt,0
Y,Ra,0
Y,Rb,0
Y,Re,0
Y,Ru,0
Y,S,0
Y,Sb,0
Y,Sc,0
Y,Se,0
Y,Si,0
Y,Sm,0
Y,Sn,0
Y,Sr,0
Y,Ta,0
Y,Tb,0
Y,Tc,0
Y,Te,0
Y,Th,0
Y,Ti,0
Y,Tl,0
Y,Tm,0
Y,U,0
Y,V,0
Y,W,0
Y,Xe,0
Y,Y,2
Y,Yb,0
Y,Zn,0
Y,Zr,0
Yb,Ac,0
Yb,Ag,0
Yb,Al,0
Yb,Ar,0
Yb,As,0
Yb,Au,0
Yb,B,0
Yb,Ba,0
Yb,Be,0
Yb,Bi,0
Yb,Bk,0
Yb,Br,0
Yb,C,0
Yb,Ca,0
Yb,Cd,0
Yb,Ce,0
Yb,Cl,0
Yb,Co,0
Yb,Cr,0
Yb,Cs,0
Yb,Cu,0
Yb,Dy,0
Yb,Er,0
Yb,Eu,0
Yb,F,0
Yb,Fe,0
Yb,Fr,0
Yb,Ga,0
Yb,Gd,0
Yb,Ge,0
Yb,H,0
Yb,He,0
Yb,Hf,0
Yb,Hg,0
Yb,Ho,0
Yb,I,0
Yb,In,0
Yb,Ir,0
Yb,K,0
Yb,La,0
Yb,Li,0
Yb,Lu,0
Yb,Mg,0
Yb,Mn,0
Yb,Mo,0
Yb,N,0
Yb,Na,0
Yb,Nb,0
Yb,Nd,0
Yb,Ne,0
Yb,Ni,0
Yb,O,0
Yb,Os,0
Yb,P,0
Yb,Pa,0
Yb,Pb,0
Yb,Pd,0
Yb,Pr,0
Yb,Pt,0
Yb,Ra,0
Yb,Rb,0
Yb,Re,0
Yb,Ru,0
Yb,S,0
Yb,Sb,0
Yb,Sc,0
Yb,Se,0
Yb,Si,0
Yb,Sm,0
Yb,Sn,0
Yb,Sr,0
Yb,Ta,0
Yb,Tb,0
Yb,Tc,0
Yb,Te,0
Yb,Th,0
Yb,Ti,0
Yb,Tl,0
Yb,Tm,0
Yb,U,0
Yb,V,0
Yb,W,0
Yb,Xe,0
Yb,Y,0
Yb,Yb,1
Yb,Zn,0
Yb,Zr,0
Zn,Ac,0
Zn,Ag,0
Zn,Al,0
Zn,Ar,0
Zn,As,0
Zn,Au,0
Zn,B,0
Zn,Ba,0
Zn,Be,0
Zn,Bi,0
Zn,Bk,0
Zn,Br,0
Zn,C,28
Zn,Ca,1
Zn,Cd,0
Zn,Ce,0
Zn,Cl,2
Zn,Co,0
Zn,Cr,0
Zn,Cs,0
Zn,Cu,0
Zn,Dy,0
Zn,Er,0
Zn,Eu,0
Zn,F,0
Zn,Fe,0
Zn,Fr,0
Zn,Ga,0
Zn,Gd,0
Zn,Ge,0
Zn,H,29
Zn,He,0
Zn,Hf,0
Zn,Hg,0
Zn,Ho,0
Zn,I,0
Zn,In,0
Zn,Ir,0
Zn,K,0
Zn,La,0
Zn,Li,0
Zn,Lu,0
Zn,Mg,0
Zn,Mn,0
Zn,Mo,0
Zn,N,25
Zn,Na,0
Zn,Nb,0
Zn,Nd,0
Zn,Ne,0
Zn,Ni,0
Zn,O,27
Zn,Os,0
Zn,P,0
Zn,Pa,0
Zn,Pb,0
Zn,Pd,0
Zn,Pr,0
Zn,Pt,0
Zn,Ra,0
Zn,Rb,0
Zn,Re,0
Zn,Ru,0
Zn,S,6
Zn,Sb,0
Zn,Sc,0
Zn,Se,0
Zn,Si,0
Zn,Sm,0
Zn,Sn,0
Zn,Sr,0
Zn,Ta,0
Zn,Tb,0
Zn,Tc,0
Zn,Te,0
Zn,Th,0
Zn,Ti,0
Zn,Tl,0
Zn,Tm,0
Zn,U,0
Zn,V,0
Zn,W,0
Zn,Xe,0
Zn,Y,0
Zn,Yb,0
Zn,Zn,33
Zn,Zr,0
Zr,Ac,0
Zr,Ag,0
Zr,Al,0
Zr,Ar,0
Zr,As,0
Zr,Au,0
Zr,B,0
Zr,Ba,0
Zr,Be,0
Zr,Bi,0
Zr,Bk,0
Zr,Br,0
Zr,C,0
Zr,Ca,0
Zr,Cd,0
Zr,Ce,0
Zr,Cl,0
Zr,Co,0
Zr,Cr,0
Zr,Cs,0
Zr,Cu,0
Zr,Dy,0
Zr,Er,0
Zr,Eu,0
Zr,F,0
Zr,Fe,0
Zr,Fr,0
Zr,Ga,0
Zr,Gd,0
Zr,Ge,0
Zr,H,0
Zr,He,0
Zr,Hf,0
Zr,Hg,0
Zr,Ho,0
Zr,I,0
Zr,In,0
Zr,Ir,0
Zr,K,0
Zr,La,0
Zr,Li,0
Zr,Lu,0
Zr,Mg,0
Zr,Mn,0
Zr,Mo,0
Zr,N,0
Zr,Na,0
Zr,Nb,0
Zr,Nd,0
Zr,Ne,0
Zr,Ni,0
Zr,O,0
Zr,Os,0
Zr,P,0
Zr,Pa,0
Zr,Pb,0
Zr,Pd,0
Zr,Pr,0
Zr,Pt,0
Zr,Ra,0
Zr,Rb,0
Zr,Re,0
Zr,Ru,0
Zr,S,0
Zr,Sb,0
Zr,Sc,0
Zr,Se,0
Zr,Si,0
Zr,Sm,0
Zr,Sn,0
Zr,Sr,0
Zr,Ta,0
Zr,Tb,0
Zr,Tc,0
Zr,Te,0
Zr,Th,0
Zr,Ti,0
Zr,Tl,0
Zr,Tm,0
Zr,U,0
Zr,V,0
Zr,W,0
Zr,Xe,0
Zr,Y,0
Zr,Yb,0
Zr,Zn,0
Zr,Zr,1
